title,description,link,query,date,published,source
"검·경 합수본, ‘정교유착 고리’ 이희자 한국근우회장 등 압수수색","경기 과천시 신천지 총회 본부의 모습. 연합뉴스정교유착 의혹을 수사하는 검찰·경찰 합동수사본부(합수본)가 신천지와 정치권 사이 연결고리로 지목된 한국근우회에 대해 강제수사에 나섰다.합수본은 24일 오전부터 서울 마포구 한국근우회 본관과 이희자 근우회장의 집을 압수수색했다. 압수수색 영장에는 이만희 신천지 총회장과 이 회장, 신천지 ‘2인자’로 불리는 고동안···",https://www.khan.co.kr/article/202603241140011/?utm_source=khan_rss&utm_medium=rss&utm_campaign=politic_news,정치,2026-03-24,2026-03-24T11:40:01+09:00,경향신문:정치
"민주당, 전국 노인 가구에 ‘무상 수리’…이 대통령 공약 본뜬 ‘그냥 해드림 센터’",정청래 더불어민주당 대표가 24일 국회에서 열린 ‘착!붙 공약 프로젝트’ 출범 행사에서 발언하고 있다. 박민규 선임기자여당이 6월 지방선거를 앞두고 생활밀착형 첫 공약으로 ‘그냥 해드림 센터’ 전국 설치를 24일 발표했다. 이재명 대통령이 경기지사 시절 시행한 ‘그냥 드림 센터’를 본뜬 공약으로 지방자치단체가 65세 이상 고령층 가구의 형광등·수도꼭지 등 ···,https://www.khan.co.kr/article/202603241140001/?utm_source=khan_rss&utm_medium=rss&utm_campaign=politic_news,정치,2026-03-24,2026-03-24T11:40:00+09:00,경향신문:정치
"산청군, 지선 전 1인당 20만원 지급…하동군 민생지원금 제동","경남 산청군 민생안정지원금 홍보물. 산청군 제공경남 지역 기초지자체 간 민생안정지원금 지급 향방이 엇갈리고 있다. 산청군은 선거를 앞두고 1인당 20만원 지급을 확정했으나, 하동군은 군의회와의 갈등으로 관련 예산 처리가 중단된 상태다. 경남도가 전 도민에게 1인당 10만원을 지급하기로 확정한 상황에서 지자체별 행정 결정에 따라 주민이 받는 지원 규모와 시기···",https://www.khan.co.kr/article/202603241138001/?utm_source=khan_rss&utm_medium=rss&utm_campaign=politic_news,정치,2026-03-24,2026-03-24T11:38:00+09:00,경향신문:정치
[속보] 이 대통령 “출퇴근 시간대 ‘노인 대중교통 무료’ 제한 어떤지 연구해보라”,이재명 대통령이 24일 오전 청와대에서 열린 11회 국무회의를 주재하고 있다. 김창길 기자이재명 대통령이 24일 “출퇴근 시간에 노인들의 대중교통 무료 이용을 제한하는 방법을 연구해보라”고 주문했다.이 대통령은 이날 청와대에서 주재한 국무회의에서 에너지 위기 대책 토의 중 대중교통 이용 활성화를 언급하면서 “(대중교통은) 출퇴근 시간에 집중도가 높아서 괴롭···,https://www.khan.co.kr/article/202603241122001/?utm_source=khan_rss&utm_medium=rss&utm_campaign=politic_news,정치,2026-03-24,2026-03-24T11:22:00+09:00,경향신문:정치
"민주당 “국민의힘, 개헌 막는다면 역적으로 남을 것…30일까지 입장 밝혀라”",천준호 더불어민주당 원내운영수석부대표가 지난 5일 국회에서 열린 정책조정회의에서 발언하고  있다. 연합뉴스더불어민주당이 24일 국민의힘을 향해 오는 30일까지 개헌 동참 의사를 밝히라고 압박했다.천준호 민주당 원내운영수석부대표는 이날 원내대책회의에서 “국민의힘은 이달 30일까지 개헌 절차에 동참하겠다는 입장을 밝혀야 한다”며 “행정통합에 이어 개헌까지 막는···,https://www.khan.co.kr/article/202603241055001/?utm_source=khan_rss&utm_medium=rss&utm_campaign=politic_news,정치,2026-03-24,2026-03-24T10:55:00+09:00,경향신문:정치
[속보]이 대통령 “부동산 저항 못 이겨내면 정부와 나라 미래 없다”,"이재명 대통령이 24일 오전 청와대에서 열린 11회 국무회의에 참석해 발언하고 있다. 청와대사진기자단이재명 대통령은 24일 “부동산 투기를 방치하면 나라 망한다”며 “욕망에 따른 저항이 불가피하기는 한데 그걸 이겨내지 못하면 이 정부의 미래도, 이 나라의 미래도 없다”고 말했다.이 대통령은 이날 청와대에서 열린 국무회의 모두발언을 통해 “부동산 관련해서 지···",https://www.khan.co.kr/article/202603241026001/?utm_source=khan_rss&utm_medium=rss&utm_campaign=politic_news,정치,2026-03-24,2026-03-24T10:26:00+09:00,경향신문:정치
"이 대통령, 늦은 밤 ‘선진국 보유세 현황’ 기사 공유하며 “저도 궁금했다”","이재명 대통령이 23일 오후 청와대 영빈관에서 열린 제59차 중앙통합방위회의에서 발언하고 있다. 김창길 기자이재명 대통령이 지난 23일 선진국 주요 도시의 보유세를 비교한 기사를 공유하며 “저도 궁금했다”고 말했다.이 대통령은 이날 밤 11시59분 엑스에 ‘선진국 주요 도시 보유세, 우리나라와 비교하면?’이라는 기사를 공유하며 이같이 말했다.해당 기사에 따···",https://www.khan.co.kr/article/202603240801001/?utm_source=khan_rss&utm_medium=rss&utm_campaign=politic_news,정치,2026-03-24,2026-03-24T08:01:00+09:00,경향신문:정치
"김정은 “한국, 가장 적대적인 국가로 공인”…헌법에 ‘두 국가’ 반영 여부는 미공개","김정은 “공화국 건드리는 한국 행위, 대가 치르게”헌법 개정했지만, 구체적 내용은 공개 하지 않아대미 메시지 내놓지 않아…미·이란 전쟁 고려한 듯김정은 북한 국무위원장이 최고인민회의 제15기 1차 회의의 이틀차이자 마지막 날인 지난 23일 평양 만수대의사당에서 시정연설을 하고 있다. 조선중앙통신·연합뉴스김정은 북한 국무위원장이 새로 구성한 최고인민회의(국회···",https://www.khan.co.kr/article/202603240752001/?utm_source=khan_rss&utm_medium=rss&utm_campaign=politic_news,정치,2026-03-24,2026-03-24T07:52:00+09:00,경향신문:정치
‘내란 연루’ 군 간부 7명 “중징계 취소해달라” 취소소송 제기,"윤석열 당시 대통령이 비상계엄을 선포한 이튿날인 2024년 12월4일 계엄군이 국회의사당 본청 앞을 점거하고 있다. 경향신문 자료사진12·3 내란에 연루돼 중징계 처분을 받은 군 간부 7명이 국방부를 상대로 취소소송을 제기했다.더불어민주당 추미애 의원실이 24일 국방부로부터 제출받은 자료에 따르면, 지난 13일 기준 계엄에 연루돼 중징계 처분을 받은 군 간···",https://www.khan.co.kr/article/202603240727001/?utm_source=khan_rss&utm_medium=rss&utm_campaign=politic_news,정치,2026-03-24,2026-03-24T07:27:00+09:00,경향신문:정치
[인터랙티브] 입법 데이터로 본 국회의원,의안 표결 결과 데이터를 기반으로 의원별 이념점수를 측정할 수 있을까?경향신문 데이터저널리즘팀 다이브는 한규섭 서울대 언론정보학과 교수팀과 함께 22대 전현직 국회의원 304명이 개원 이래 지난 10월24일까지 본회의에서 처리한 862개 의안의 표결 결과 데이터를 바탕으로 통계추론 방법을 이용해 의원별 이념점수를 측정했습니다.이어 1987년 민주화 이후 지···,https://www.khan.co.kr/article/202603240600081/?stor/?utm_source=khan_rss&utm_medium=rss&utm_campaign=politic_news,정치,2026-03-24,2026-03-24T06:00:08+09:00,경향신문:정치
"1991년 79% 달한 거대양당 공동발의, 왜 한자리수 됐을까",민주화 이후 국회 공동발의 법안 연결망 분석해보니14·18대 섞이던 점들 22대서 뚜렷한 분리‘법안 발의 건수로 의정 평가’ 정착하면서연구모임 짬짜미·형식적 공론화로 속도전지난 22일 국회 본회의에서 ‘윤석열 정권 정치검찰 조작기소 의혹 사건 진상규명 국정조사계획서 승인의 건’이 통과되고 있다. 권도현 기자2009년 5선의 미국 공화당 원로 상원의원 알렌 ···,https://www.khan.co.kr/article/202603240600051/?utm_source=khan_rss&utm_medium=rss&utm_campaign=politic_news,정치,2026-03-24,2026-03-24T06:00:05+09:00,경향신문:정치
해군참모총장에 김경률 내정,"국방부가 신임 해군참모총장에 김경률 해군작전사령관(중장·사진)을 23일 내정했다.국방부는 이날 “해군작전사령관인 김경률 해군 중장을 대장으로 진급시켜 해군참모총장에 보직한다”고 밝혔다. 24일 국무회의에서 최종 확정하며 이재명 대통령이 임명할 예정이다.해사 47기로 임관한 김 중장은 해군작전사령관과 해군사관학교장, 제3함대사령관, 제5기뢰·상륙전단장, 한····",https://www.khan.co.kr/article/202603232109025/?utm_source=khan_rss&utm_medium=rss&utm_campaign=politic_news,정치,2026-03-24,2026-03-23T21:09:02+09:00,경향신문:정치
"중, 5월부터 자국 불법 조업 엄중 처벌",어업법 개정 벌금 최대 20배…한국 서해 어민 피해 감소 기대중국이 오는 5월부터 자국 어선의 불법 조업에 대한 처벌 수위를 강화하고 엄격한 단속을 실시한다. 중국 어선의 서해 불법 조업으로 인한 한국 어민의 피해가 줄어들 것이라는 기대가 나온다.23일 중국 당국과 외교 소식통에 따르면 중국이 지난해 말 개정한 어업법이 5월부터 시행된다. 중국의 어업법 전···,https://www.khan.co.kr/article/202603232101005/?utm_source=khan_rss&utm_medium=rss&utm_campaign=politic_news,정치,2026-03-24,2026-03-23T21:01:00+09:00,경향신문:정치
"정청래, 봉하 노무현 묘역서 “SBS, 당신들도 언론인가”","이 대통령 ‘조폭 연루설’ 사과 공방여당, ‘논두렁 시계’ 꺼내 비판 가세정청래 더불어민주당 대표(가운데)가 23일 경남 김해 봉하마을 노무현 전 대통령 묘역에서 눈물을 흘리고 있다. 연합뉴스정청래 더불어민주당 대표가 23일 노무현 전 대통령 묘역을 참배하고 SBS를 향해 “당신들도 언론인가”라고 말했다. 전국언론노동조합 SBS본부(SBS 노조)가 이재명 ···",https://www.khan.co.kr/article/202603232052005/?utm_source=khan_rss&utm_medium=rss&utm_campaign=politic_news,정치,2026-03-24,2026-03-23T20:52:00+09:00,경향신문:정치
"조현, 이란 외교와 첫 통화…‘호르무즈 안전 항해 보장’ 요청","정부, 중동 사태 ‘외교적 해결’ 무게 걸프국 향한 민간 공격 중단 요구도 한·미 외교장관 회동 일정도 조율 성사 땐 미국, 파병 등 재언급할 듯조현 외교부 장관(왼쪽 사진)이 23일 아바스 아라그치 이란 외교부 장관(오른쪽)과 통화하고 선박들의 호르무즈 해협 안전 항해 보장을 촉구했다. 미국·이스라엘과 이란의 전쟁으로 중동 정세가 악화한 이후 한국이 이란···",https://www.khan.co.kr/article/202603232051005/?utm_source=khan_rss&utm_medium=rss&utm_campaign=politic_news,정치,2026-03-24,2026-03-23T20:51:00+09:00,경향신문:정치
"김정은, 국무위원장 세 번째 추대 ‘체제 다지기’ 공고화",박수 받는 김 위원장 북한 조선중앙통신은 23일 최고인민회의 제15기 제1차 회의 1일차 회의가 전날 평양 만수대의사당에서 진행됐다고 보도했다. 회의에서는 김정은을 국무위원장으로 재추대했다고 통신은 전했다. 연합뉴스최고인민회의 상임위원장에 조용원  김정은 체제 입법으로 뒷받침 분석 김여정은 국무위원서 제외 ‘의외’ 총무부장 실권 쥐고 ‘당 역할’ 집중북한이···,https://www.khan.co.kr/article/202603232050005/?utm_source=khan_rss&utm_medium=rss&utm_campaign=politic_news,정치,2026-03-24,2026-03-23T20:50:00+09:00,경향신문:정치
24일 민주당 서울시장 경선 후보 3명 선출…‘1위’ 정원오에 견제 집중,"도이치모터스 후원 대회 참석 거론오세훈 ‘한강버스’와 엮어 공격도당내 “본선 승리 위해 수위 조절을”정원오, 공사 현장 안전 점검 더불어민주당 서울시장 예비후보인 정원오 전 성동구청장(오른쪽)이 23일 서울 강남구 영동대로 지하공간 복합개발 건설공사 현장을 둘러보고 있다.  연합뉴스6·3 지방선거 더불어민주당 서울시장 본경선 후보 3명이 24일 추려진다. ···",https://www.khan.co.kr/article/202603232046005/?utm_source=khan_rss&utm_medium=rss&utm_campaign=politic_news,정치,2026-03-24,2026-03-23T20:46:00+09:00,경향신문:정치
"국힘 자중지란 속 민주당 ‘김부겸 카드’…대구, 최대 승부처로","정청래, 김 전 총리 향해 “대구시장 후보로 뛰어달라” 공식 요청국민의힘, 주호영·이진숙 컷오프 내홍…“가장 힘든 선거 전망”대구시장 선거가 6·3 지방선거의 최대 승부처로 부상하고 있다. 당 지지율이 17% 수준까지 주저앉은 국민의힘이 공천 내홍에 휩싸인 사이 더불어민주당이 ‘김부겸 카드’를 꺼내 들면서다. 국민의힘의 전통적 강세 지역인 대구가 박빙 구도···",https://www.khan.co.kr/article/202603232044005/?utm_source=khan_rss&utm_medium=rss&utm_campaign=politic_news,정치,2026-03-24,2026-03-23T20:44:00+09:00,경향신문:정치
국힘 서울시장 후보 ‘오세훈·박수민·윤희숙’ 3명 압축,"다음달 18일 최종 후보 선출 예정국민의힘은 23일 6·3 지방선거 서울시장 본경선 후보를 오세훈 현 시장·박수민 의원·윤희숙 전 의원 3명으로 압축했다. 국민의힘은 다음달 18일 서울시장 최종 후보를 선출할 예정이다.국민의힘 공천관리위원회는 이날 “접수한 6명의 후보 중 박수민·오세훈·윤희숙 후보 3명을 경선 대상자로 압축하고, 두 차례의 토론회를 거쳐 ···",https://www.khan.co.kr/article/202603232043015/?utm_source=khan_rss&utm_medium=rss&utm_campaign=politic_news,정치,2026-03-24,2026-03-23T20:43:01+09:00,경향신문:정치
"“주가조작 무죄 판례 찾아라” 이창수, 김건희 봐주기 정황","담당 검사에 보낸 메신저 확인수사보고서 수십차례 수정도종합특검, 대검 등 5곳 압색권창영 2차 종합특별검사팀이 ‘검찰의 김건희 여사 봐주기 수사 의혹’과 관련해 23일 강제수사에 착수했다. 종합특검팀은 앞서 김 여사 관련 수사를 진행한 민중기 특검팀으로부터 ‘이창수 전 중앙지검장(사진)이 2024년 김 여사 주가조작 의혹을 담당한 검사에게 사실상 무혐의 결···",https://www.khan.co.kr/article/202603232037005/?utm_source=khan_rss&utm_medium=rss&utm_campaign=politic_news,정치,2026-03-24,2026-03-23T20:37:00+09:00,경향신문:정치
"[에듀플러스]알로에로 찾은 발견, 물방울 발전기 성능 대폭 향상",경희대학교는 이영훈 기계공학과 교수 연구팀이 알로에의 생존 전략에서 착안한 물방울 기반 에너지 수확 기술을 개발했다고 24일 밝혔다. 이번 연구는 자연의 구조적 특성을 모사해 기존 기술의 한계를 극복하고 전기 에너지 생산 효율을 크게 높이며 학술적 성과를 인정받았다.,https://www.etnews.com/20260324000172,경제,2026-03-24,"Tue, 24 Mar 2026 11:32:17 +0900",속보 - 이티뉴스
"중동 사태에 물류 애로 빗발…KOTRA, 수출기업 긴급 지원","이란 사태 장기화로 중동 지역 수출입 물류 차질이 현실화한 가운데, 우리 수출 기업들의 애로사항 접수가 빗발치고 있다. 24일 대한무역투자진흥공사(KOTRA)에 따르면 이달 3일부터 20일까지 '중동 상황 긴급대응 애로상담 데스크'에 접수된 수출입 기업의 문의 및 애로",https://www.etnews.com/20260324000171,경제,2026-03-24,"Tue, 24 Mar 2026 11:31:44 +0900",속보 - 이티뉴스
"경북대, 페로브스카이트 태양전지 안정성 저하 원인 규명","경북대대학교는 이상욱 신소재공학교 교수 연구팀이 차세대 태양전지로 주목받는 페로브스카이트 태양전지의 성능이 시간이 지나면서 떨어지는 원인을 규명하고, 이를 개선하는 기술을 제시했다고 24일 밝혔다. 이번 연구는 이상욱 교수팀과 박지상 성균관대 교수팀, 윤요한 한국항공대",https://www.etnews.com/20260324000170,경제,2026-03-24,"Tue, 24 Mar 2026 11:30:52 +0900",속보 - 이티뉴스
"중기중앙회·민주당, 중동 사태 대응 간담회…“수출 물류비 지원·공급망 대책 마련”","중소기업계가 중동 사태 장기화에 따른 수출 차질과 물류비 급등, 원자재 공급 불안 등에 대응하기 위해 수출바우처 개선과 물류비 지원 확대 등 긴급 대책 마련을 국회에 요청했다. 중소기업중앙회는 24일 서울 여의도 중기중앙회에서 더불어민주당과 함께 '중동 상황 대응을 위",https://www.etnews.com/20260324000169,경제,2026-03-24,"Tue, 24 Mar 2026 11:29:55 +0900",속보 - 이티뉴스
국민의힘 중앙차세대여성위원회 출범···2030 여성 공략 본격화,초대 위원장에 이효원 서울특별시의회 의원 국민의힘이 차세대 여성 인재를 전면에 내세우며 조직 확장과 세대 교체에 속도를 내고 있다. 국민의힘 중앙여성위원회(위원장 서명옥 국회의원)는 3월 23일 오후 2시 서울 여의도 국회박물관 2층 국회체험관에서 'Red is Rea,https://www.etnews.com/20260324000168,경제,2026-03-24,"Tue, 24 Mar 2026 11:27:22 +0900",속보 - 이티뉴스
"인트플로우, 엔비디아·구글 관심 속 'GTC 피칭' 성공…“K-축산 AI 경쟁력 과시”",인공지능(AI) 기반 축산 전문 기업 인트플로우(대표 전광명)는 미국 산호세에서 열린 세계 최대 AI컨퍼런스 '엔비디아(NVIDIA) 연례 개발자 모임(GTC) 2026'의 인셉션 피칭 세션을 성공적으로 마쳤다고 24일 밝혔다. 이번 인셉션 피칭 세션은 엔비디아 글로벌,https://www.etnews.com/20260324000167,경제,2026-03-24,"Tue, 24 Mar 2026 11:23:15 +0900",속보 - 이티뉴스
"KOGAS, '기상기후 빅데이터 기반 수요예측 모델' 구축","한국가스공사(KOGAS)가 기상기후 빅데이터 기반 수요예측 모델을 구축했다. 기상청의 빅데이터와 KOGAS 천연가스 데이터를 융합해 기존 '도시가스 수요예측 모델'을 고도화한 것으로, 데이터 기반의 에너지 수급 관리가 가능해졌다는 평가다. 이번 사업은 최근 기후변화로",https://www.etnews.com/20260324000166,경제,2026-03-24,"Tue, 24 Mar 2026 11:20:49 +0900",속보 - 이티뉴스
"대전정보문화산업진흥원, 'AI 활용 헬스케어 실증·사업화 지원 사업' 참여 기업 모집","대전정보문화산업진흥원은 4월 6일까지 'AI 활용 헬스케어 실증·사업화 지원 사업'에 참여할 기업을 모집한다. 이번 사업은 지역 ICT·SW 기업이 보유한 AI 기반 의료·헬스케어 기술을 실제 사용 환경에서 검증하고, 이를 사업화로 이어질 수 있도록 지원해 대전 AI",https://www.etnews.com/20260324000164,경제,2026-03-24,"Tue, 24 Mar 2026 11:20:10 +0900",속보 - 이티뉴스
[ET톡] K뷰티가 '반짝 흥행'에 그치지 않으려면,"'K-뷰티'는 세계 시장에서 하나의 대명사로 자리 잡았다. 한국 화장품이 미국과 일본 등 주요 시장에서 수출 1위를 기록하고, 제품력과 가성비를 갖춘 '잘 팔리는 산업'이 됐다. 하지만 현장에서는 조금씩 우려 섞인 목소리가 나오기 시작했다. K-뷰티를 떠받치는 중소·인",https://www.etnews.com/20260324000162,경제,2026-03-24,"Tue, 24 Mar 2026 11:17:36 +0900",속보 - 이티뉴스
"“전력망 핵심산업 키운다”…나주시, 소부장 특화단지 조성",전남 나주시는 차세대 전력망 구축 핵심 분야인 전력기자재 산업을 중심으로 소재·부품·장비(소부장) 특화단지 조성에 나서며 에너지 산업 기반을 활용한 제조 중심 산업 생태계 구축에 속도를 내고 있다고 24일 밝혔다. 시는 전력기자재 분야를 중심으로 한 '소부장 특화단지,https://www.etnews.com/20260324000161,경제,2026-03-24,"Tue, 24 Mar 2026 11:16:32 +0900",속보 - 이티뉴스
"스마트인재개발원 첨단점, AI 취업캠프 8월까지 무료수강 연장…광산구민 대상",스마트인재개발원은 광주시 광산구민은 고용위기 선제대응지역 지원에 따라 고용노동부가 제공하는 직업교육을 무료로 수강할 수 있다고 24일 밝혔다. 광산구는 지역 주력 산업의 경영 위기와 생산 차질 등으로 고용 불안이 확대되며 고용위기 선제대응지역으로 지정했다. 지정 기간이,https://www.etnews.com/20260324000159,경제,2026-03-24,"Tue, 24 Mar 2026 11:13:08 +0900",속보 - 이티뉴스
[인사]신영자산운용,◆신영자산운용 ◇부사장 △관리부문 이승환 ◇전무 △마케팅본부 김송우,https://www.etnews.com/20260324000158,경제,2026-03-24,"Tue, 24 Mar 2026 11:09:07 +0900",속보 - 이티뉴스
[인사]IBK투자증권,◆IBK투자증권 ◇상무 △S&T부문장 겸 Trading본부장 임채원 ◇상무 대우 △Family Office영업본부장 겸 IBKS Family Office센터장 유성원,https://www.etnews.com/20260324000156,경제,2026-03-24,"Tue, 24 Mar 2026 11:07:41 +0900",속보 - 이티뉴스
"인하대, AI·무인수상정으로 수중문화유산 탐사 기술 개발",인하대학교가 인공지능(AI)과 무인자율수상정(ASV)을 활용한 수중문화유산 탐사 기술 개발에 나선다. 인하대는 장준우 스마트모빌리티공학과 교수(연구책임자)와 조영근 전기전자공학부 교수 연구팀이 국가유산청의 '2026년도 국가유산 연구개발사업' 신규 과제에 최종 선정됐다,https://www.etnews.com/20260324000155,경제,2026-03-24,"Tue, 24 Mar 2026 11:06:16 +0900",속보 - 이티뉴스
李대통령 “원유·천연가스 수급 불안 커…비상 대응 선제적 가동하라”,이재명 대통령이 중동 전쟁 장기화에 따라 국내 경제·민생에 대한 부담이 커지고 있다고 진단한 뒤 정부 차원의 선제적인 비상 대응 체계를 주문했다. 아울러 국민들에게 일상생활에서 에너지 아껴 쓰기 등을 시행해달라고 호소했다. 이 대통령은 24일 청와대에서 열린 국무회의에,https://www.etnews.com/20260324000154,경제,2026-03-24,"Tue, 24 Mar 2026 11:05:30 +0900",속보 - 이티뉴스
"업스테이지, 에이전틱 AI 입힌 '솔라 프로3' 공개",업스테이지가 에이전틱 인공지능(AI)을 탑재한 거대언어모델(LLM) '솔라 프로3'를 24일 공개했다. 기존 '솔라 프로2' 대비 3배 이상 커진 1020억 매개변수(파라미터) 대형 모델임에도 비용과 처리 속도(TPS)는 동일하게 유지해 효율성을 높였다. 성능면에서는,https://www.etnews.com/20260324000153,경제,2026-03-24,"Tue, 24 Mar 2026 11:05:02 +0900",속보 - 이티뉴스
"부산정보산업진흥원, 게임과몰입 예방·맞춤형 대응",부산광역시와 부산정보산업진흥원(원장 김태열)은 올해 부산 게임과몰입 상담치료센터 사업을 예방과 맞춤형 대응 중심으로 추진한다고 24일 밝혔다. 이에 부산 게임과몰입 상담치료센터는 게임과몰입에 선제 대응하기 위해 일반 사용자군 학생을 대상으로 올바른 게임 습관 형성을 돕,https://www.etnews.com/20260324000152,경제,2026-03-24,"Tue, 24 Mar 2026 11:04:09 +0900",속보 - 이티뉴스
마약류 투약 후 차량 운전 강력 단속,"정부가 마약류 투약 후 차량을 운전하는 행위에 대해 강력한 단속과 처벌을 예고하며 국민의 생명과 안전 보호에 나섰다. 보건복지부, 식품의약품안전처, 경찰청은 마약류 투약 운전으로 인한 교통사고가 연이어 발생함에 따라 사회적 경각심을 높이고 재발 방지 대책을 강력하게 추",https://www.etnews.com/20260324000046,경제,2026-03-24,"Tue, 24 Mar 2026 11:00:00 +0900",속보 - 이티뉴스
직장인 10명 중 6명 연차 여행 간다… 휴식·재충전 선호,글로벌 여행 검색 플랫폼 스카이스캐너가 24일 한국 직장인을 대상으로 한 설문조사 결과를 발표하며 ‘연차 여행’ 트렌드를 제시했다. 스카이스캐너 조사에 따르면 국내 직장인 응답자의 59%는 업무와,https://www.etnews.com/20260324000150,경제,2026-03-24,"Tue, 24 Mar 2026 10:59:51 +0900",속보 - 이티뉴스
"경남도, ‘유가 급등’ 육상운송업 상공인에 긴급자금 지원",경남도청. 경향신문 자료사진경남도는 25일부터 도내 육상운송업 또는 건설장비운영업 소상공인을 대상으로 긴급경영안정자금 50억원을 지원한다고 24일 밝혔다.중동 정세 불안으로 국제 유가가 급등하면서 유류 의존도가 높은 업종을 중심으로 경영 부담이 커진 데 따른 조치다.지원 대상은 도내 사업장을 둔 육상운송 및 파이프라인 운송업(H49)과 건설장비 운영업(F4···,https://www.khan.co.kr/article/202603241138031/?utm_source=khan_rss&utm_medium=rss&utm_campaign=economy_news,경제,2026-03-24,2026-03-24T11:38:03+09:00,경향신문:경제
"르노코리아 부산공장, 추가 설비 투자 착수…“전동화 모델 생산 역량 강화”",니콜라 파리 르노코리아 사장(왼쪽)과 박형준 부산시장이 지난 23일 부산시청에서 열린 ‘르노코리아와 부산시의 부산공장 전기동력 자동차 생산시설 구축을 위한 업무협약식’에서 기념사진을 찍고 있다. 부산광역시 제공르노코리아가 지난 23일 부산시청에서 부산시와 르노코리아 부산공장의 전기동력 자동차 생산시설 구축을 위한 업무협약을 맺었다고 24일 밝혔다.지난해 1···,https://www.khan.co.kr/article/202603241138011/?utm_source=khan_rss&utm_medium=rss&utm_campaign=economy_news,경제,2026-03-24,2026-03-24T11:38:01+09:00,경향신문:경제
“고가 육아템 빌려쓰세요” 양천구 육아용품 대여[서울25],"양천구 제공.서울 양천구가 구매 부담이 큰 육아용품을 빌려주는 공공서비스 제도를 시작한다고 24일 밝혔다.대여 품목은 유아차와 카시트, 아기침대, 하이체어, 아기띠 등의 고가 육아필수템 50여 종이다. 대여 기간은 1인 1품목 기준 30일이며, 1회 연장을 통해 최대 60일까지 이용할 수 있다.이용 대상은 양천구에 거주하거나 직장과 사업장, 학교 등 생활권···",https://www.khan.co.kr/article/202603241131011/?utm_source=khan_rss&utm_medium=rss&utm_campaign=economy_news,경제,2026-03-24,2026-03-24T11:31:01+09:00,경향신문:경제
"LH, 24일부터 신혼·신생아, 다자녀 전세임대주택 입주자 모집","경남 진주시 한국토지주택공사(LH) 사옥. 연합뉴스한국토지주택공사(LH)는 24일부터 연말까지 신혼·신생아, 다자녀 가구 등을 대상으로 전세임대주택 입주자를 상시 모집한다고 밝혔다.전세임대주택은 입주 대상자가 지원 한도액 범위에서 거주할 주택을 직접 찾으면 LH가 주택 소유자와 전세계약을 체결하고 입주 대상자에게 저렴하게 다시 임대하는 제도다.상시 모집 규···",https://www.khan.co.kr/article/202603241124001/?utm_source=khan_rss&utm_medium=rss&utm_campaign=economy_news,경제,2026-03-24,2026-03-24T11:24:00+09:00,경향신문:경제
태백·횡성 지역 화폐 카카오페이와 연동 간편결제 서비스 시행,"태백시 ‘탄탄페이’, 카카오페이 연동 간편결제 서비스 도입 안내 포스터. 태백시 제공강원 태백시와 횡성군은 지역 화폐의 이용 편의성을 높이기 위해 카카오페이와 연동한 모바일 간편결제 서비스를 본격 시행한다고 24일 밝혔다.그동안 태백시의 지역 화폐인 ‘탄탄페이’는 실물 카드를 소지해야만 결제할 수 있었다.하지만 이번에 모바일 간편결제 서비스를 도입함에 따라···",https://www.khan.co.kr/article/202603241119001/?utm_source=khan_rss&utm_medium=rss&utm_campaign=economy_news,경제,2026-03-24,2026-03-24T11:19:00+09:00,경향신문:경제
LG유플러스 “데이터센터 설계·구축·운영 사업 본격화”,"홍범식 LG유플러스 사장이 24일 서울 용산 사옥에서 열린 정기 주주총회에서 발언하고 있다. LG유플러스 제공LG유플러스가 데이터센터 설계·구축·운영(DBO) 사업을 본격화한다.LG유플러스는 24일 서울 용산 사옥에서 정기 주주총회를 열고 사업 목적사항에 ‘데이터센터 설계, 운영, 구축 관련 운용업 및 이 사업과 관련되는 일체의 용역 및 공사업’을 추가하는···",https://www.khan.co.kr/article/202603241110001/?utm_source=khan_rss&utm_medium=rss&utm_campaign=economy_news,경제,2026-03-24,2026-03-24T11:10:00+09:00,경향신문:경제
구윤철 “석유 최고가격 올리는 대신 유류세도 인하”,이재명 대통령이 24일 청와대에서 주재한 국무회의에서 구윤철 부총리 겸 재정경제부 장관(오른쪽)과 대화하고 있다. 김창길 기자구윤철 부총리 겸 재정경제부 장관은 석유 최고가격제의 판매 가격 상한선을 올리는 대신 유류세를 인하하겠다고 24일 밝혔다.구 부총리는 이날 청와대에서 열린 국무회의에서 “지난 13일 지정한 석유제품 최고가격제를 오는 27일 조정해야 ···,https://www.khan.co.kr/article/202603241105001/?utm_source=khan_rss&utm_medium=rss&utm_campaign=economy_news,경제,2026-03-24,2026-03-24T11:05:00+09:00,경향신문:경제
‘전동시트 사고’ 팰리세이드 등 41만대 자발적 시정조치,전동시트 결함으로 자발적 시정조치에 들어간 현대차 팰리세이드 하이브리드 세부 사항. 국토교통부 제공미국에서 전동시트 사고가 발생한 현대차의 팰리세이드를 비롯해 제작 결함이 확인된 국내 4개사 차량 24종에 대해 자발적 시정조치를 실시한다.국토교통부는 전동시트 등 제작 결함이 확인된 현대·기아·케이지모빌리티·비엠더블유코리아 차량 40만8942대에 대해 시정조···,https://www.khan.co.kr/article/202603241058011/?utm_source=khan_rss&utm_medium=rss&utm_campaign=economy_news,경제,2026-03-24,2026-03-24T10:58:01+09:00,경향신문:경제
"롯데월드타워, 어스아워 소등 9년째 동참…28일 1시간 동안 불 끈다",오는 28일 글로벌 소등 캠페인 ‘2026 어스아워’에 동참하는 롯데월드타워의 미디어파사드(사진 왼쪽)와 1시간 동안 불이 꺼질 롯데월드타워 모습. 롯데물산 제공롯데월드타워가 오는 28일 오후 8시30분부터 1시간 불을 끈다.롯데월드타워는 세계자연기금(WWF)이 주관하는 글로벌 소등 캠페인 ‘2026 어스아워’(Earth Hour)에 올해도 참여한다고 24···,https://www.khan.co.kr/article/202603241048001/?utm_source=khan_rss&utm_medium=rss&utm_campaign=economy_news,경제,2026-03-24,2026-03-24T10:48:00+09:00,경향신문:경제
"정용진, ‘스타필드 청라’ 현장점검 “국가대표 랜드마크에 자부심·책임감”",정용진 신세계그룹 회장이 지난 23일 인천 청라국제도시에 조성 중인 ‘스타필드 청라’ 건설 현장을 찾아 프로젝트 진행 상황을 점검하고 있다. 뒤에 보이는 게 돔구장으로 건설 중인 멀티스타디움이다. 신세계그룹 제공정용진 신세계그룹 회장이 인천 청라국제도시에 조성 중인 ‘스타필드 청라’ 건설 현장을 찾아 공사 진행 상황을 점검하고 안전을 당부했다.신세계는 정 ···,https://www.khan.co.kr/article/202603241013001/?utm_source=khan_rss&utm_medium=rss&utm_campaign=economy_news,경제,2026-03-24,2026-03-24T10:13:00+09:00,경향신문:경제
"환율, 미국의 이란 공격 연기에 급락…1491원에 주간장 시작",지난달 4일 서울 중구 하나은행 위변조대응센터에서 직원이 달러화를 정리하고 있다. 성동훈 기자원·달러 환율이 24일 이란 공격을 5일간 유예한다는 도널드 트럼프 미국 대통령의 메시지가 나오면서 급락 출발했다.이날 서울 외환시장에서 원·달러 환율은 전장보다 26.4원 내린 1490.9원에 거래를 시작했다. 트럼프 대통령의 메시지가 나온 뒤 야간거래에서 환율이···,https://www.khan.co.kr/article/202603240907001/?utm_source=khan_rss&utm_medium=rss&utm_campaign=economy_news,경제,2026-03-24,2026-03-24T09:07:00+09:00,경향신문:경제
[속보]미·이란 협상 소식에 코스피 4% 급등 출발,"지난 23일 서울 중구 하나은행 딜링룸에 환율, 코스피 지수 등이 표시돼 있다. 이준헌 기자환율, 1500원 선 아래로 급락도널드 트럼프 미국 대통령이 이란과 협상에 나서고 있다고 밝히면서 24일 코스피 지수가 4% 급등 출발했다.이날 코스피는 전장보다 232.45포인트(4.30%) 오른 5638.20에 거래를 시작했다. 전날 미국과 이란 전쟁의 장기화 우···",https://www.khan.co.kr/article/202603240902001/?utm_source=khan_rss&utm_medium=rss&utm_campaign=economy_news,경제,2026-03-24,2026-03-24T09:02:00+09:00,경향신문:경제
경유 7%·나프타 9%…유가 상승에 생산자물가도 6개월 연속 올라,"석유 최고가격제 시행 후 첫 주말인 지난 15일 서울 시내 한 주유소에서 차량들이 줄을 서있다. 성동훈 기자지난달 미국·이란 간 긴장 고조에 따른 중동 정세 불안으로 국제 유가가 오르면서 국내 생산자물가도 오른 것으로 나타났다.24일 한국은행 자료를 보면, 지난 2월 생산자물가지수는 1월(122.56)보다 0.6% 높은 123.25(2020년 수준 100)···",https://www.khan.co.kr/article/202603240745001/?utm_source=khan_rss&utm_medium=rss&utm_campaign=economy_news,경제,2026-03-24,2026-03-24T07:45:00+09:00,경향신문:경제
"트럼프, 이란 발전소 공격 연기에…원·달러 환율, 30원 내린 1486.70원 마감",도널드 트럼프 미국 대통령. UPI연합뉴스1500원대를 찍었던 원·달러 환율이 야간 거래에서 30원가량 떨어져 1480원 중후반대로 마감했다. 도널드 트럼프 미국 대통령이 이란과 생산적인 대화를 나눴다며 이란 발전소 공격을 5일간 유예하면서 시장이 안도하는 분위기다.24일 새벽 2시 달러-원 환율은 전장 서울환시 종가보다 13.90원 하락한 1486.70원···,https://www.khan.co.kr/article/202603240654001/?utm_source=khan_rss&utm_medium=rss&utm_campaign=economy_news,경제,2026-03-24,2026-03-24T06:54:00+09:00,경향신문:경제
상조 들면 냉장고? 결합상품 가전 시중가의 최대 3.3배···가입자 절반 “내용 몰라”,선불식 결합상품 소비자 조사 결과 발표 가입자 52.8%만 “계약 제대로 이해”서울시 표준약관 개정 건의 등 제도개선연합뉴스 자료사진.상조서비스와 가전·여행 등이 결합된 ‘선불식 결합상품’ 가입자 중 절반가량이 계약 내용을 제대로 이해하지 못하는 것으로 나타났다. 결합 가전 가격은 시중 온라인가(중앙값) 대비 최대 3.3배에 달하는 것으로 조사됐다.서울시는···,https://www.khan.co.kr/article/202603240600071/?utm_source=khan_rss&utm_medium=rss&utm_campaign=economy_news,경제,2026-03-24,2026-03-24T06:00:07+09:00,경향신문:경제
협력사 인권 위험 평가한다던···안전공업의 원청 현대차 책임은 없나,"관련 법은 계류 중14명의 사망자가 발생한 대전 안전공업 화재 참사 현장에서 23일 경찰과 소방, 국립과학수사원, 고용노동부 등 관계자들이 합동 감식을 진행하고 있다. 대전|문재원 기자74명의 사상자를 낸 대전 자동차 부품업체 ‘안전공업’ 화재 확산의 원인 중 하나로 ‘공장 환경 관리 부실’ 등이 지적되면서 원청인 현대차그룹의 책임도 따져봐야 한다는 목소리···",https://www.khan.co.kr/article/202603240600061/?utm_source=khan_rss&utm_medium=rss&utm_campaign=economy_news,경제,2026-03-24,2026-03-24T06:00:06+09:00,경향신문:경제
중동 위기 장기화에 커진 추경…에너지 넘어 고용·내수까지 방어,박홍근 기획예산처장관 후보자가 23일 국회에서 열린 인사청문회에서 의원질의에 답하고 있다. 2026.3.23 박민규 선임기자정부가 25조원 규모로 추진하는 추가경정예산안에는 중동 이외 지역에서 원유를 도입하는 정유사에 일부 비용을 지원하는 방안도 반영될 예정이다. 지정학적 리스크가 길어지면서 자칫 내수 침체와 고용 절벽으로 이어지지 않도록 지역화폐를 통한 ···,https://www.khan.co.kr/article/202603240600031/?utm_source=khan_rss&utm_medium=rss&utm_campaign=economy_news,경제,2026-03-24,2026-03-24T06:00:03+09:00,경향신문:경제
[단독]누가 여기서 결혼하나···또다시 외면받은 ‘청년 축복 웨딩’,"충북도, 대회의실·문화광장 개조해 웨딩홀로공간만 있을 뿐 주차장·대중교통 연계 없어7월분까지 신청자 모집했지만 지원자 0명도 “하반기까지 사업 연장·개선하겠다”충북도가 결혼을 원하는 예비 신혼부부에게 무료로 개방하는 도청 대회의실 내부 모습. 충북도 제공.충북도가 도청을 개조해 청년들에게 예식장으로 무상 개방하는 ‘청년 축복 웨딩’ 시범 사업이 이달 7월 ···",https://www.khan.co.kr/article/202603240600021/?utm_source=khan_rss&utm_medium=rss&utm_campaign=economy_news,경제,2026-03-24,2026-03-24T06:00:02+09:00,경향신문:경제
신용융자로 주식 투자했다면 주가 급락 때 강제청산 ‘위험’,담보부족액 기한 내 납입해야대상 주식 반대매매 실행 막아A씨는 최근 신용융자로 주식 투자를 하다 보유 종목의 주가가 급락하면서 201만원의 담보부족금액이 발생했다. 추가 납입을 하지 못한 A씨는 증권사의 반대매매를 통해 201만원만 빠져나갈 것으로 생각했으나 실제 반대매매된 금액은 15배 많은 3090만원이었다.A씨는 반대매매가 과도하게 이뤄졌다며 금융감독···,https://www.khan.co.kr/article/202603240600005/?utm_source=khan_rss&utm_medium=rss&utm_campaign=economy_news,경제,2026-03-24,2026-03-24T06:00:00+09:00,경향신문:경제
차 안에서 집 안 가전 원격 제어…현대차·기아 ‘카투홈’ 서비스,집에서 차 제어 ‘홈투카’에 추가삼성전자의 ‘스마트싱스’와 협업현대차·기아가 보내면 삼성전자가 받는‘카투홈’ 23일 모델이 삼성전자와 현대자동차그룹 협력으로 차량에서 집 안 가전기기를 제어하는 ‘카투홈’ 서비스를 체험해보고 있다. 삼성전자 제공현대자동차·기아가 차량 인포테인먼트 시스템을 통해 집 안에 있는 에어컨 등 생활가전을 원격으로 제어할 수 있는 ‘카···,https://www.khan.co.kr/article/202603232116005/?utm_source=khan_rss&utm_medium=rss&utm_campaign=economy_news,경제,2026-03-24,2026-03-23T21:16:00+09:00,경향신문:경제
대전 안전공업 2009년 이후 119신고 7건···집진시설 분진 등으로 잦은 불,"14명의 사망자가 발생한 대전 안전공업 화재 참사 현장에서 지난 23일 경찰과 소방, 국립과학수사원, 고용노동부 등 관계자들이 합동 감식을 진행하고 있다. 대전|문재원 기자대형 화재 참사가 발생한 대전 안전공업 공장에서는 그동안에도 자주 화재가 발생해 자체 진화한 경우가 적지 않은 것으로 전해진다. 119에 신고된 화재는 2009년 이후 모두 7건이었는데,···",https://www.khan.co.kr/article/202603241155011/?utm_source=khan_rss&utm_medium=rss&utm_campaign=society_news,사회,2026-03-24,2026-03-24T11:55:01+09:00,경향신문:사회
[경향포토] 임금체계 개선 촉구하는 공공부문 비정규직 노동자들,전국공공운수사회서비스노동조합(공공운수노조) 조합원들이 24일 서울 청와대 분수대 앞에서 열린 '공공부문 비정규직 실태조사 결과발표 기자회견'에서 임금체계 및 제도 개선을 촉구하고 있다. 2026.3.24. 정지윤 선임기자,https://www.khan.co.kr/article/202603241155001/?utm_source=khan_rss&utm_medium=rss&utm_campaign=society_news,사회,2026-03-24,2026-03-24T11:55:00+09:00,경향신문:사회
"행안부, ‘위조인감 의혹’ 강제동원재단 이사장 해임 요구···심규선 이사장 “재심의 신청 고민”","심규선 일제강제동원피해지원재단 이사장이 2023년 10월10일 정부세종청사에서 열린 국회 행정안전위원회의 행정안전부, 인사혁신처 등의 국정감사에서 의원 질의에 답변하고 있다. 연합뉴스행정안전부가 일제강제동원피해자지원재단에 심규선 이사장의 해임을 요구했다. 강제동원 피해자들에게 지급할 배상금을 법원에 공탁하는 과정에서 재단 명의 인감을 임의로 제작해 사용한 ···",https://www.khan.co.kr/article/202603241133001/?utm_source=khan_rss&utm_medium=rss&utm_campaign=society_news,사회,2026-03-24,2026-03-24T11:33:00+09:00,경향신문:사회
삼척시 도계읍 일원에 ‘공공 임대주택’ 조성···21~24평 120세대 규모,삼척 도계 강원형 공공임대주택 조감도. 삼척시 제공강원 삼척시는 오는 27일 오후 2시 도계읍 도계리 사업부지에서 ‘삼척 도계 강원형 공공임대주택 기공식’을 개최한다고 24일 밝혔다.이는 노후 사택에 거주해 온 삼척 도계읍 지역 주민들의 주거 불안을 해소하고 쾌적한 주거환경을 제공하기 위해 추진되는 통합형 공공임대주택 건립 사업이다.공공임대주택은 연면적 1···,https://www.khan.co.kr/article/202603241131001/?utm_source=khan_rss&utm_medium=rss&utm_campaign=society_news,사회,2026-03-24,2026-03-24T11:31:00+09:00,경향신문:사회
“‘K-아이웨어’ 도시로 재도약”···‘대구국제안경전’ 다음 달 1~3일 개최,‘2026 대구국제안경전(DIOPS)’ 홍보 전단. 대구시 제공대구시는 다음 달 1~3일 엑스코에서 ‘2026 대구국제안경전(DIOPS)’을 개최한다고 24일 밝혔다.이번 박람회에는 국내·외 130여개 업체가 참여할 예정이다. 안경테와 선글라스를 비롯해 렌즈·안광학 기기·스마트 융합 제품 등 안광학 산업의 최신 경향을 확인할 수 있는 행사가 될 전망이다.대···,https://www.khan.co.kr/article/202603241121001/?utm_source=khan_rss&utm_medium=rss&utm_campaign=society_news,사회,2026-03-24,2026-03-24T11:21:00+09:00,경향신문:사회
내가 세들어 살 집 ‘깡통전세’인지 AI가 분석한다,"서울시, 청년 대상 AI분석 보고서 서비스 시행임대인 동의여부 관계없이 주소입력 후 분석일러스트|NEWS IMAGE서울시가 청년들을 상대로 집 주소만 입력하면 인공지능(AI)이 전세사기 위험도를 알려주는 ‘AI 분석 보고서’ 서비스를 본격 시행한다고 24일 밝혔다.이용 대상은 서울에서 임대차 계약을 앞둔 만 39세 이하 청년들로, 1인당 최대 2회까지 이용···",https://www.khan.co.kr/article/202603241119011/?utm_source=khan_rss&utm_medium=rss&utm_campaign=society_news,사회,2026-03-24,2026-03-24T11:19:01+09:00,경향신문:사회
"청주시, 올해 온실가스 25만8000t 감축 나선다",청주시청 청사. 경향신문 자료사진충북 청주시는 2050년 탄소중립 달성을 위해 올해 온실가스 25만8000t을 감축한다고 24일 밝혔다.앞서 시는 지난 4월 수립한 제1차 탄소중립·녹색성장 기본계획을 바탕으로 2018년 배출량 대비 감축률 목표를 20.7%에서 24.5%로 상향했다.이를 위해 시는 올해 약 2355억 4000만 원의 예산을 투입한다. 감축사···,https://www.khan.co.kr/article/202603241115011/?utm_source=khan_rss&utm_medium=rss&utm_campaign=society_news,사회,2026-03-24,2026-03-24T11:15:01+09:00,경향신문:사회
"서울시, 전국 첫 ‘일차방문 진료지원센터’ 개소···노인·장애인 통합돌봄 선도",27일 통합돌봄 앞 ‘서울형 통합돌봄’ 시행 25일 전국 최초 일차방문 진료지원센터 설치올해 하반기 퇴원자 단기회복시설 시범 운영연합뉴스 자료사진.서울시가 노인이 살던 곳에서 의료 등의 서비스를 통합적으로 받는 ‘서울형 통합돌봄 서비스’ 시행을 위해 오는 25일 전국 최초로 ‘일차의료 방문 진료 지원센터’를 설치해 운영한다고 24일 밝혔다.서울형 통합돌봄은···,https://www.khan.co.kr/article/202603241115001/?utm_source=khan_rss&utm_medium=rss&utm_campaign=society_news,사회,2026-03-24,2026-03-24T11:15:00+09:00,경향신문:사회
"박형준, 공동선대본부장에 ‘윤어게인’ 손현보 목사 아들··· 박 시장 “생각에 균형 갖고 있다”",박형준 부산시장이 23일 국회 본청 앞 계단에서 부산 글로벌 허브도시 특별법 제정을 촉구하며 삭발하고 있다. 박민규 선임기자오는 6·3 지방선거에서 3선에 도전하는 박형준 부산시장이 공동선대본부장에 세계로교회 손현보 담임목사의 아들 손영광 울산대(전기전자융합학부) 교수를 영입해 논란이 인다. 손 교수가 윤석열 탄핵 반대 집회에 연사로 나선 이력이 있기 때문···,https://www.khan.co.kr/article/202603241108001/?utm_source=khan_rss&utm_medium=rss&utm_campaign=society_news,사회,2026-03-24,2026-03-24T11:08:00+09:00,경향신문:사회
"야간 관광 활성화 위해…단양군, 온달관광지 야경 콘텐츠 조성사업 추진",충북 단양군 영춘면 하리 온달관광지 전경. 단양군 제공.충북 단양의 대표적 역사문화 자원인 온달관광지의 밤이 화려해진다.단양군은 6억 원의 사업비를 들여 ‘온달관광지 야경 콘텐츠 조성사업’을 추진한다고 24일 밝혔다.이번 사업은 영춘면 하리 온달관광지 세트장 일원에 경관조명 등을 설치하는 사업이다.군은 온달관광지의 전통 건축물과 자연경관을 활용한 경관조명 ···,https://www.khan.co.kr/article/202603241056001/?utm_source=khan_rss&utm_medium=rss&utm_campaign=society_news,사회,2026-03-24,2026-03-24T10:56:00+09:00,경향신문:사회
"‘선박 도료 생산’ 츄고쿠삼화페인트, 울산에 공장 신설하고 본사 이전 업무협약","울산시청 전경. 울산시 제공선박 도료 생산업체인 츄고쿠삼화페인트가 울산으로 본사를 이전하고 공장을 신설하기로 했다.울산시와 츄고쿠삼화페인트는 24일 오전 공장 신설과 본사 이전을 위한 투자협약을 체결했다. 이번 협약은 츄고쿠삼화페인트가 증가하는 글로벌 해운시장 수요에 대응하고, 국내 조선업 활성화와 기술 경쟁력 제고에 기여하고자 마련됐다.츄고쿠삼화페인트는 ···",https://www.khan.co.kr/article/202603241036001/?utm_source=khan_rss&utm_medium=rss&utm_campaign=society_news,사회,2026-03-24,2026-03-24T10:36:00+09:00,경향신문:사회
대전 안전공업 화재 희생자 장례절차 시작…일부 빈소 마련,"대전 자동차 부품 공장 화재 희생자 합동분향소가 마련된 대전시청에서 지난 22일 유가족과 직장동료, 시민들이 추모하고 있다. 대전 l 문재원 기자대전 안전공업 화재 희생자들의 신원이 대부분 확인되면서 장례절차가 시작됐다.24일 대전시 등에 따르면 전날 사망자 신원 확인을 마치고 일부 유가족들이 시신을 인도받아 지역 내 장례식장에 빈소를 마련했다.전날까지 1···",https://www.khan.co.kr/article/202603241024001/?utm_source=khan_rss&utm_medium=rss&utm_campaign=society_news,사회,2026-03-24,2026-03-24T10:24:00+09:00,경향신문:사회
영덕 풍력발전기 화재 이틀째 진화 작업···잔류 기름 등 변수에 지체,24일 경북 영덕군 영덕읍 창포리 풍력발전단지 내 한 풍력발전기가 전날 화재로 검게 그을려 있다. 연합뉴스노동자 3명이 숨진 경북 영덕 풍력발전기 화재와 관련해 소방당국이 이틀째 진화 작업을 벌이고 있다.경북소방본부는 불이 난 풍력발전기 주변에서 잔불 정리 작업을 벌이고 있다고 24일 밝혔다. 불이 번지지는 않았으며 지상에서 연기가 조금씩 관측되고 있다.소···,https://www.khan.co.kr/article/202603241023001/?utm_source=khan_rss&utm_medium=rss&utm_campaign=society_news,사회,2026-03-24,2026-03-24T10:23:00+09:00,경향신문:사회
"구로구, 공항소음대책지역 주민에 보청기 구입비 지원[서울25]",청각장애 미등록 난청 주민 50명 지원구로구청. 구로구 제공.서울 구로구가 공항 소음 대책 지역에 사는 청각장애 미등록 난청 주민에게 보청기 구입비를 지원한다고 24일 밝혔다.구는 “이번 사업은 청각장애 등록 기준에는 미치지 않지만 중등도 난청으로 의사소통에 어려움을 겪는 주민의 보청기 구입 부담을 덜고 삶의 질 향상을 돕기 위해 마련했다”고 설명했다.지원···,https://www.khan.co.kr/article/202603240936001/?utm_source=khan_rss&utm_medium=rss&utm_campaign=society_news,사회,2026-03-24,2026-03-24T09:36:00+09:00,경향신문:사회
동급생 성희롱 ‘학폭 징계’ 받고 무고로 몰아···취소 소송 제기했다가 패소,인천지방법원. 인천지법 제공다른 학생들을 추행하거나 성희롱해 학교폭력 징계를 받은 학생이 처분을 취소해달라며 행정 소송을 냈으나 패소했다.24일 법조계에 따르면 인천지법 행정1-1부는 A군이 경기 부천교육지원청을 상대로 제기한 학교폭력대책심의위원회 조치 결정 처분 취소 소송에서 최근 원고 청구를 기각하거나 각하했다.교육지원청 심의 결과 A군은 지난해 3월부···,https://www.khan.co.kr/article/202603240917001/?utm_source=khan_rss&utm_medium=rss&utm_campaign=society_news,사회,2026-03-24,2026-03-24T09:17:00+09:00,경향신문:사회
"경찰, ‘3명 사망’ 영덕 풍력발전기 화재 관련 수사 착수···‘업무상과실치사’ 적용 검토",경북 영덕군 영덕읍 풍력발전단지의 한 풍력발전기에서 지난 23일 불이 나 연기가 피어오르고 있다. 연합뉴스노동자 3명이 숨진 경북 영덕 풍력발전단지 화재와 관련해 경찰이 수사에 착수했다.경북경찰청은 이번 사고의 원인과 책임 소재 등을 가리기 위한 절차에 나섰다고 24일 밝혔다. 경찰은 사고 당시 현장 상황과 작업 내용 등을 확인해 업체 관계자들의 과실 여부···,https://www.khan.co.kr/article/202603240912001/?utm_source=khan_rss&utm_medium=rss&utm_campaign=society_news,사회,2026-03-24,2026-03-24T09:12:00+09:00,경향신문:사회
[점선면]‘산재와의 전쟁’ 선포에도…안전공업 참사 왜 못 막았나,"점(사실들): 14명 목숨 앗아갔다선(맥락들): “기름 뚝뚝 떨어질 정도였다”면(관점들): ‘아리셀 참사’와는 또 다른 점14명의 사망자가 발생한 대전 안전공업 화재 참사 현장에서 지난 23일 경찰과 소방, 국립과학수사원, 고용노동부 등 관계자들이 합동 감식을 진행하고 있다. 대전|문재원 기자또 대형 참사입니다. 대전 자동차 부품 제조업체 안전공업 공장에서···",https://www.khan.co.kr/article/202603240700011/?utm_source=khan_rss&utm_medium=rss&utm_campaign=society_news,사회,2026-03-24,2026-03-24T07:00:01+09:00,경향신문:사회
"대형 회계법인서 잇단 사망 왜···회사는 AI 핑계, 극한 과로 내몰리는 회계사들","회계사. AI생성 이미지AI가 제역할 못해서? AI로 채용 줄여서?연이은 사망에 동료들 “그것만은 아닌데…”AI 정보 재검증하느라 되레 업무 늘어“내년 감사 시즌엔 다 쓰러질 듯”“실체도 없는 인공지능(AI) 때문에 사람 죽어나가는 거예요. 경영진은 유명무실한 AI 써서 추가 채용도 없고, 오히려 인원 투입 줄이라고 압박이나 넣는 상황입니다.”23일 직장인···",https://www.khan.co.kr/article/202603240600041/?utm_source=khan_rss&utm_medium=rss&utm_campaign=society_news,사회,2026-03-24,2026-03-24T06:00:04+09:00,경향신문:사회
"[단독]‘불법 촬영·성희롱 논란’ 자유대학 대표, 정통망법 위반 혐의 고발당해","김진일 자유와혁신 최고위원이 자신의 SNS에 올린 글. 스레드 캡처불법 촬영과 성희롱 논란으로 내홍을 겪고 있는 극우단체 자유대학의 박준영 대표가 고발을 당했다. 단체 대화방에서 오간 성희롱성 발언 등을 방치한 혐의다.23일 경향신문 취재를 종합하면, 서울 영등포경찰서는 지난 20일 박 대표에 대한 정보통신망법 위반 혐의 고발장을 접수했다.앞서 김진일 자유···",https://www.khan.co.kr/article/202603240600011/?utm_source=khan_rss&utm_medium=rss&utm_campaign=society_news,사회,2026-03-24,2026-03-24T06:00:01+09:00,경향신문:사회
‘고교 동문 변호사 사건들 감형’ 현직 부장판사 구속영장 기각,"법원 로고. 한수빈 기자전주지법 근무당시 20여건, 1심보다 가벼운 형 선고돌반지 등 금품 수수···아내 교습소 무상임차 의혹선물 대가성 등 관련 혐의 부인···법원 “소명 부족”고교 동문 변호사로부터 금품을 받고 해당 변호사가 맡은 사건 형량을 깎아준 혐의를 받는 현직 부장판사에 대한 구속영장 청구를 법원이 23일 기각했다.서울중앙지법 김진만 영장전담 부···",https://www.khan.co.kr/article/202603232321001/?utm_source=khan_rss&utm_medium=rss&utm_campaign=society_news,사회,2026-03-24,2026-03-23T23:21:00+09:00,경향신문:사회
KB국민은행 “AI로 인력 투입 줄면 사업비 변경”…IT서비스 업계 AI 發 대격변 예고,"대형 차세대 정보통신(IT)서비스 구축 사업에서 인공지능(AI) 기술을 활용해 인건비 등을 절감하면 이에 따른 사업비를 조정하는 조항이 등장했다. 기존에는 프로젝트 투입 인원수와 기간을 기준으로 사업비를 산정했는데, AI 도입이 확산됨에 따라 사업비 책정 등 IT 개발",https://www.etnews.com/20260320000240,IT/과학,2026-03-24,"Sun, 22 Mar 2026 16:00:00 +0900",오늘의 인기기사 - 이티뉴스
"삼성전자, HBM4 품질 더 높인다…웨이퍼 절단 공정 차세대 전환",삼성전자가 반도체 품질·수율과 직결되는 웨이퍼 절단 공정을 차세대 방식으로 전환한다. 고대역폭메모리(HBM)4를 대상으로 지난해 처음 도입합 '펨토초(1000조분의 1초) 레이저' 공정을 확대 적용한다. 절단 정밀도를 대폭 끌어올린 기술로 HBM4 시장 주도권을 쥐려는,https://www.etnews.com/20260323000273,IT/과학,2026-03-24,"Mon, 23 Mar 2026 16:01:00 +0900",오늘의 인기기사 - 이티뉴스
李대통령 지지율 67% '최고치' 경신…민주 46%·국힘 20%,"이재명 대통령의 국정 지지율이 3주 연속 취임 후 최고치를 기록했다는 여론조사 결과가 나왔다. 20일 한국갤럽은 지난 17∼19일 전국 만 18세 이상 1004명을 대상으로 조사한 결과, 이 대통령의 직무수행에 관한 긍정 평가가 직전 조사보다 1%포인트(p) 오른 67",https://www.etnews.com/20260320000266,IT/과학,2026-03-24,"Fri, 20 Mar 2026 15:54:50 +0900",오늘의 인기기사 - 이티뉴스
삼성전자 갤럭시S26에 '에어드롭' 지원…애플 생태계 격차 줄인다,삼성전자가 갤럭시S26 시리즈를 시작으로 애플 파일 공유 기능 '에어드롭(AirDrop)'을 연동한다.,https://www.etnews.com/20260323000312,IT/과학,2026-03-24,"Mon, 23 Mar 2026 14:02:44 +0900",오늘의 인기기사 - 이티뉴스
"코스피, 하루 만에 '반등'…조기 종전 기대감 반영",트럼프의 '확전 자제' 발언이 나오자 코스피가 하루 만에 다시 반등해 5800대를 회복했다. 20일 한국거래소에 따르면 이날 코스피는 0.31%(17.98P) 오른 5781.20에 장을 마쳤다. 장중에는 5833.68을 기록하며 상승세를 보였다. 코스피 시장에서 개인,https://www.etnews.com/20260320000260,IT/과학,2026-03-24,"Fri, 20 Mar 2026 15:41:01 +0900",오늘의 인기기사 - 이티뉴스
"[단독] 금감원, 보험사에 '백내장 실손보험금' 민원 재검토하라",일단락된 줄 알았던 백내장 실손보험금 미지급 사태가 반전되는 분위기다. 금융감독원이 보험사들을 소집해 보험금 지급을 재검토할 것을 요청하면서 보험업계가 패닉에 빠졌다. 23일 보험업계에 따르면 이달 금융감독원은 생명·손해보험사 보상 담당 부서장 및 담당자들을 소집해 각,https://www.etnews.com/20260323000183,IT/과학,2026-03-24,"Mon, 23 Mar 2026 13:00:00 +0900",오늘의 인기기사 - 이티뉴스
"갤S26, 에어드롭 지원... 아이폰과 파일 공유 가능","삼성전자가 갤럭시S26 시리즈에 애플 파일 공유 기능 '에어드롭(AirDrop)' 연동 기능을 도입한다. 애플 글로벌 경쟁사인 삼성전자 스마트폰에 이 기능이 탑재되는 것은 이번이 처음이다. 삼성전자는 23일 한국을 시작으로 갤럭시S26, 갤럭시S26+, 갤럭시S26 울",https://www.etnews.com/20260323000037,IT/과학,2026-03-24,"Mon, 23 Mar 2026 09:11:12 +0900",오늘의 인기기사 - 이티뉴스
"삼성D, 8.6세대 OLED 개발 순항…예상 수율 70% 넘어서",삼성디스플레이가 디스플레이 생산성을 혁신할 게임체인저 기술 '8.6세대 유기발광다이오드(OLED)' 예상 수율을 70% 이상으로 끌어올렸다. 준비가 순조롭게 진행된다는 의미로 6~7월로 임박한 양산을 안정적으로 소화할 전망이다. 22일 업계에 따르면 삼성디스플레이는 충,https://www.etnews.com/20260320000232,IT/과학,2026-03-24,"Sun, 22 Mar 2026 16:00:00 +0900",오늘의 인기기사 - 이티뉴스
여수는 통합·울산은 난항…석화 사업재편 온도차,"롯데케미칼과 여천NCC 공장 통합, 다운스트림 효율화를 골자로 한 여수 1호 프로젝트 사업재편계획서 최종안이 정부에 제출됐다. 대산에 이어 여수까지 사업재편이 속도를 내는 가운데 울산은 업체 간 이견으로 제자리걸음을 이어가고 있다. 관련 업계에 따르면 여천NCC, DL",https://www.etnews.com/20260320000184,IT/과학,2026-03-24,"Sat, 21 Mar 2026 12:00:00 +0900",오늘의 인기기사 - 이티뉴스
"전북대-성균관대, 꿈의 신소재 '맥신' 성능 세계 최고 수준 제조 기술 개발",전북대학교는 권한중 신소재공학부 교수가 구종민 성균관대학교 신소재공학부 교수로 구성한 공동 연구팀이 첨단 전자기기 등이 폭넓게 활용될 수 있는 차세대 신소재인 '맥신(MXene)의 성능을 획기적으로 높일 수 있는 연구 성과를 발표해 주목을 받고 있다고 21일 밝혔다.,https://www.etnews.com/20260320000295,IT/과학,2026-03-24,"Sat, 21 Mar 2026 09:30:00 +0900",오늘의 인기기사 - 이티뉴스
호르무즈 묶였는데 비축유 90만배럴 '증발'…정부 “정유사 수출제한 검토”,"국가 비상사태를 대비해 보관 중이던 국제공동비축 원유 90만배럴이 한국석유공사의 늑장 대응으로 해외로 팔려나갔다. 정부는 석유공사에 대한 긴급 감사에 착수하는 한편, 국내 기름값 인상을 기정사실화하고 정유사 수출제한 조치까지 검토하는 등 전방위 비상 대응에 나섰다. 2",https://www.etnews.com/20260322000099,IT/과학,2026-03-24,"Sun, 22 Mar 2026 12:13:02 +0900",오늘의 인기기사 - 이티뉴스
[오늘의 운세] 2026년 3월 22일 띠별 운세,[ 쥐띠 ] 달이 먹구름 속으로 들어가니 그 빛을 볼 수가 없습니다.  48년생 : 위아래 사람이 화목하지 못하니 분수를 지키는 것이 상책입니다. 60년생 : 친구에게 도움을 청하면 고민하는 일이 해결 될 수 있을,https://www.etnews.com/20260322000023,IT/과학,2026-03-24,"Sun, 22 Mar 2026 09:16:49 +0900",오늘의 인기기사 - 이티뉴스
"머스크, 오스틴에 AI 칩 생산시설 '테라팹' 건설... 테슬라·스페이스X 공동 운영","일론 머스크 테슬라 최고경영자(CEO)가 로봇공학, 인공지능(AI), 우주 데이터 센터용 칩을 자체 생산하기 위한 '테라팹' 프로젝트를 오스틴에 건설할 것이라고 밝혔다. 블룸버그 통신은 머스크가 21일(현지시간) 미국 텍사스주 오스틴의 한 행사장에서 테슬라와 스페이스X",https://www.etnews.com/20260323000008,IT/과학,2026-03-24,"Mon, 23 Mar 2026 06:52:55 +0900",오늘의 인기기사 - 이티뉴스
3G 트래픽 첫 10TB대 진입…자원 효율 위한 셧다운 논의 가속,국내 3세대(3G) 이동통신 월간 데이터 트래픽이 사상 처음 20테라바이트(TB) 아래로 떨어졌다. 망 유지에 따른 전력 낭비와 재난문자 수신 불가 등 안전 리스크까지 부각되면서 올해 3G 조기 종료 논의가 빨라질 전망이다. 23일 과학기술정보통신부 무선 통계에 따르면,https://www.etnews.com/20260323000364,IT/과학,2026-03-24,"Mon, 23 Mar 2026 16:00:00 +0900",오늘의 인기기사 - 이티뉴스
“노벨상 첫 도전” HFSP에 한국 연구자 7명 선정,세계 최고 생명과학 연구지원 프로그램인 '휴먼프론티어사이언스프로그램(HFSP)'에 한국 연구자가 대거 선정됐다. 노벨상 다수 배출로 이른바 '노벨상 펀드'로도 불리는 프로그램 참여에 따라 한국 첫 노벨상 수상자 탄생 가능성에 이목이 집중된다. 과학기술정보통신부는 202,https://www.etnews.com/20260320000278,IT/과학,2026-03-24,"Sun, 22 Mar 2026 16:00:00 +0900",오늘의 인기기사 - 이티뉴스
美 여론 “이란 전쟁 반대 60%”…'현 정권 유지 종전'은 과반 반대,미국 내 최신 여론조사에서 도널드 트럼프 미국 대통령이 결정한 대이란 전쟁에 대해 부정적인 여론이 여전히 우세한 것으로 나타났다. 다만 이란 현 정권이 유지된 상태로 전쟁을 끝내는 것에 대해서는 과반이 반대하는 것으로 조사됐다. 미국 방송 씨비에스뉴스와 여론조사기관 유,https://www.etnews.com/20260323000017,IT/과학,2026-03-24,"Mon, 23 Mar 2026 08:01:18 +0900",오늘의 인기기사 - 이티뉴스
"LG엔솔, “ESS·신사업 비중 40% 중반까지 확대”","LG에너지솔루션이 20일 오전 서울 LG트윈타워에서 최고경영자(CEO) 김동명 사장 및 주요 경영진, 주주 및 기관 투자자들이 참석한 가운데 '제6기 정기주주총회'를 개최했다. 김동명 사장은 “지금은 산업의 성장 가치가 재편되는 '밸류 시프트(Value Shift)'의",https://www.etnews.com/20260320000183,IT/과학,2026-03-24,"Fri, 20 Mar 2026 12:55:07 +0900",오늘의 인기기사 - 이티뉴스
[뉴스줌인] “사람 대신 AI” IT 계약 대전환…변화 기로에 선 '인건비 중심' 생태계,"전통적인 정보기술(IT) 서비스 시장의 계약 관행인 '인건비 중심 산정 체계'가 인공지능(AI) 기술의 혁신으로 전환기를 맞을 전망이다. 개발 효율을 비약적으로 높이는 AI 기술이 대형 프로젝트 현장에 실제 투입되기 시작하면서, 기술 도입에 따른 생산성 증가분과 그에",https://www.etnews.com/20260320000251,IT/과학,2026-03-24,"Sun, 22 Mar 2026 14:00:00 +0900",오늘의 인기기사 - 이티뉴스
"네이버, 남성복 '미스터' 접고 패션 영토 넓힌다",네이버가 남성 패션 큐레이션에 집중했던 '미스터(MR.)' 서비스를 접는다. 여성복과 신진 브랜드까지 아우르는 확장된 형태의 새로운 패션 플랫폼으로 대대적인 개편할 계획이다. 21일 업계에 따르면 네이버는 오는 31일 네이버쇼핑 내 '미스터' 서비스를 전격 종료한다.,https://www.etnews.com/20260320000208,IT/과학,2026-03-24,"Sat, 21 Mar 2026 06:00:00 +0900",오늘의 인기기사 - 이티뉴스
[속보] 코스피 급락에 매도 사이드카 발동,23일 국내 증시가 급락 출발하며 코스피 시장에 프로그램 매도 사이드카가 발동됐다.,https://www.etnews.com/20260323000048,IT/과학,2026-03-24,"Mon, 23 Mar 2026 09:23:51 +0900",오늘의 인기기사 - 이티뉴스
"차량 5부제 25일 시행…전기·수소차 제외, 민간 보류","중동발 에너지 수급 불안이 확산되면서 정부가 25일 0시부로 공공부문을 중심으로 '차량 5부제'를 전격 시행한다. 다만 민간에 대해서는 즉각적인 의무화 대신 자율 참여를 유도하고, 상황 악화 시 단계적으로 확대하는 '선별적 수요관리' 방식을 택했다. 기후에너지환경부는",https://www.etnews.com/20260324000163,AI/인공지능,2026-03-24,"Tue, 24 Mar 2026 11:18:18 +0900",오늘의 추천기사 - 이티뉴스
“골칫거리 화면 주름 해결하나”… 애플 '아이폰 폴드' 자가치유 유리 승부수,"애플의 첫 폴더블 아이폰의 출시가 늦어질 수 있다는 관측이 나오는 가운데, 화면 주름(크리즈) 문제를 해결할 새로운 기술 적용 가능성이 제기됐다. 최근 업계에서는 애플이 준비 중인 이른바 '아이폰 폴드'의 출시 시점이 예상보다 미뤄질 수 있다는 소문이 확산하고 있다.",https://www.etnews.com/20260324000135,AI/인공지능,2026-03-24,"Tue, 24 Mar 2026 10:43:43 +0900",오늘의 추천기사 - 이티뉴스
"美, 이란전쟁 종료시점 '4월 9일' 제시…파키스탄서 협상 추진 “전투·협상 병행”","도널드 트럼프 대통령이 이란 에너지 시설 공격을 닷새간 유예하겠다고 밝힌 가운데, 미국이 이란 전쟁 종식 목표 시점을 다음 달 9일로 설정했다는 보도가 나왔다. 그러나 이란은 미국과의 협상 자체를 전면 부인하며 양측 입장이 크게 엇갈리고 있다. 이스라엘 일간지 예디오트",https://www.etnews.com/20260324000134,AI/인공지능,2026-03-24,"Tue, 24 Mar 2026 10:41:01 +0900",오늘의 추천기사 - 이티뉴스
"인터엑스, 글로벌 표준 'AAS'의 새로운 실제 현장 적용 기준 제시","독일의 인더스트리 4.0에서 시작된 에셋 어드미니스트레이션 셀(AAS) 표준이 글로벌 제조 데이터 표준으로 자리 잡으면서, 국내에서도 ASS 표준에 참여 기업이 주목받고 있다. 제조 인공지능 전환(AX)·자율제조 전문기업 인터엑스(INTERX)는 AAS 기반 표준화 사",https://www.etnews.com/20260324000112,AI/인공지능,2026-03-24,"Tue, 24 Mar 2026 10:23:57 +0900",오늘의 추천기사 - 이티뉴스
"삼성전자·LG전자, 유럽 HVAC 패권 전쟁 점화…밀라노서 격돌","삼성전자와 LG전자가 유럽 최대 공조 전시회 'MCE 2026'에서 맞붙었다. 양 사는 24일(현지시간)부터 나흘간 이탈리아 밀라노에서 열리는 전시회에서 유럽 히트펌프 시장을 겨냥한 전략과 제품을 공개했다. 삼성전자는 인수한 플랙트그룹과 협업으로 중앙공조 경쟁력을, L",https://www.etnews.com/20260324000111,AI/인공지능,2026-03-24,"Tue, 24 Mar 2026 10:23:47 +0900",오늘의 추천기사 - 이티뉴스
"美 법원 “국방부, NYT에 출입증 돌려줘”… 펜타곤 “언론 사무실 폐쇄”","미국 법원의 국방부의 언론 취재 활동 제한에 제동을 걸자, 국방부가 기자 사무실을 폐쇄하겠다고 밝혔다. 23일(현지시간) AP 통신에 따르면 숀 파넬 국방부 대변인은 “미군 취재진이 사용해 온 국방부 내 '특파원 회랑'을 즉시 폐쇄한다”며 “취재진은 건물 밖에 있는 '",https://www.etnews.com/20260324000109,AI/인공지능,2026-03-24,"Tue, 24 Mar 2026 10:21:11 +0900",오늘의 추천기사 - 이티뉴스
"셀트리온, 1.2조원 베팅…'57만리터 체제'로 글로벌 바이오 '승부'","셀트리온이 1조2000억원을 투입해 한·미 생산기지를 동시 확장하며 글로벌 바이오 생산 경쟁력을 끌어올린다. 생산능력은 기존 31만6000리터(ℓ)에서 57만1000리터로 약 80% 늘리고, 원가 경쟁력까지 높이는 효과를 노린다. 차세대 바이오시밀러와 신약 생산까지 빠",https://www.etnews.com/20260324000101,AI/인공지능,2026-03-24,"Tue, 24 Mar 2026 10:09:57 +0900",오늘의 추천기사 - 이티뉴스
"대한항공, '부산-베이징' 운항 재개…중화권 4개 노선 최대 10% 할인",대한항공이 부산에서 출발하는 중화권 4개 노선을 대상으로 항공권 할인 프로모션을 시행한다. 프로모션 기간은 4월30일까지로 대상 노선은 부산발 상하이(푸동)·칭다오·베이징·타이베이 항공편이다. 대한항공 홈페이지와 모바일 애플리케이션(앱)에서 해당 노선 일반석·프레스티지,https://www.etnews.com/20260324000099,AI/인공지능,2026-03-24,"Tue, 24 Mar 2026 10:09:23 +0900",오늘의 추천기사 - 이티뉴스
"볼보, 차세대 전기 SUV 'EX90' 사전 계약…“XC90 T8 대비 1000만원 낮춰”",볼보자동차코리아가 차세대 전기 플래그십 스포츠유틸리티차(SUV) 'EX90' 사전 계약을 시작한다. 가격은 동급의 XC90 T8(플러그인하리브리드·PHEV) 대비 약 1000만원 낮췄다. 정확한 차량 정보와 가격은 4월1일 국내 출시와 동시에 공개된다. EX90은 볼보,https://www.etnews.com/20260324000090,AI/인공지능,2026-03-24,"Tue, 24 Mar 2026 10:01:30 +0900",오늘의 추천기사 - 이티뉴스
"美, WTO 개혁 요구…한국 개도국 지위 유지 지적",미국이 세계무역기구(WTO) 각료회의를 앞두고 고강도 개혁을 요구하는 보고서를 공개했다. 한국 등 4개국이 개발도상국 지위를 유지하고 있다고 문제를 제기했다. 미국 무역대표부(USTR)는 23일(현지시간) 홈페이지를 통해 작년 12월 발표한 초안에 바탕을 둔 WTO 개,https://www.etnews.com/20260324000074,AI/인공지능,2026-03-24,"Tue, 24 Mar 2026 09:48:46 +0900",오늘의 추천기사 - 이티뉴스
"정용진 회장, '스타필드 청라' 현장 점검…“韓 대표 랜드마크로”","정용진 신세계그룹 회장은 지난 23일 인천 청라국제도시에 조성하고 있는 '스타필드 청라' 건설 현장을 찾아 프로젝트 진행 상황을 직접 점검했다. '스타필드 청라'는 2만3000석 규모 멀티스타디움과 호텔, 인피니티풀, 쇼핑몰이 하나로 연결되는 세계 최초 초대형 복합 레",https://www.etnews.com/20260324000063,AI/인공지능,2026-03-24,"Tue, 24 Mar 2026 09:35:59 +0900",오늘의 추천기사 - 이티뉴스
"KB금융, 2026년 '20조원' 생산적 금융 가동…5년간 1조원 펀드 조성",KB금융그룹이 첨단전략산업 육성과 소상공인 지원을 위해 2026년 20조원 규모의 'KB국민행복 성장 프로젝트'를 추진하고 생산적 금융 실천을 본격화한다. KB금융은 지난 23일 서울 여의도 KB국민은행 신관에서 '제3차 그룹 생산적금융 협의회'를 개최하고 이 같은 내,https://www.etnews.com/20260324000062,AI/인공지능,2026-03-24,"Tue, 24 Mar 2026 09:35:42 +0900",오늘의 추천기사 - 이티뉴스
"“美와 대화 없었다” 이란군, 美·이스라엘 기지 공습…“F-35·F-15 전투기 주둔”",이란군이 이스라엘과 중동 내 미군 거점을 겨냥해 자폭 드론 공격을 감행했다고 주장하면서 긴장이 다시 고조되고 있다. 반면 미국은 이란과의 대화가 진행 중이라고 밝혀 양측 입장이 정면으로 엇갈리고 있다. 이란 국영방송 IRIB는 23일(현지시간) 이란군 성명을 인용해 “,https://www.etnews.com/20260324000039,AI/인공지능,2026-03-24,"Tue, 24 Mar 2026 09:14:24 +0900",오늘의 추천기사 - 이티뉴스
전동시트·연료·배선 결함…팰리세이드·카니발 등 40만대 리콜,"전동시트 오작동부터 연료 누유, 배선 손상까지 결함이 동시에 확인됐다. 차량 핵심 안전 부위 전반에서 문제가 드러나며 리콜 규모가 40만대를 넘어섰다. 국토교통부는 24일 현대자동차, 기아, 케이지모빌리티, BMW코리아가 제작·수입·판매한 24개 차종 40만8942대를",https://www.etnews.com/20260324000035,AI/인공지능,2026-03-24,"Tue, 24 Mar 2026 09:09:20 +0900",오늘의 추천기사 - 이티뉴스
구형 아이폰 수억대 해킹 위험…해킹툴 인터넷 공개됐다,수억 대에 달하는 구형 아이폰을 손쉽게 해킹할 수 있는 소프트웨어 도구가 온라인에 공개돼 악용 우려가 커지고 있다. 미국 정보기술 전문 매체 테크크런치 는 아이폰 해킹 도구인 다크소드 최신 버전이 최근 개발자 코드 공유 사이트 깃허브 에 공개됐다고 보도했다. 다크소드는,https://www.etnews.com/20260324000030,AI/인공지능,2026-03-24,"Tue, 24 Mar 2026 09:01:44 +0900",오늘의 추천기사 - 이티뉴스
"“수 천대 전기차를 하나의 전력 자원으로”…GIST, V2G 상용화 앞당길 '가상 배터리' 개발",수 천대의 전기자동차를 묶어 하나의 전력자원으로 사고 파는 '가상 배터리' 기술이 개발됐다. 전기차를 전력망과 연결해 활용하는 전기차-전력망 연계기술(V2G) 상용화를 앞당길 것으로 기대한다. 광주과학기술원(GIST·총장 임기철)은 김윤수 전기전자컴퓨터공학과 교수팀이,https://www.etnews.com/20260324000023,AI/인공지능,2026-03-24,"Tue, 24 Mar 2026 08:47:19 +0900",오늘의 추천기사 - 이티뉴스
"웹케시, '금융 AI 에이전트 컨퍼런스' 개최…“상용화 단계 기술 공개”",웹케시는 오는 4월 23일 서울 여의도FKI 타워 그랜드볼룸에서 '웹케시 금융 AI 에이전트 컨퍼런스 2026'을 개최한다고 24일 밝혔다. 이번 행사는 단순 기술 발표를 넘어 '금융 인공지능(AI) 에이전트 전문 기업'으로서의 시장 내 입지를 강화하는 자리이다. 웹케,https://www.etnews.com/20260324000017,AI/인공지능,2026-03-24,"Tue, 24 Mar 2026 08:24:34 +0900",오늘의 추천기사 - 이티뉴스
중동 막히자 LNG 사러 미국으로 몰린다…이란전에 웃는 美 가스 업체,이란이 사실상 호르무즈 해협을 봉쇄하면서 아시아 국가들의 에너지 수급에 차질이 발생하자 미국 액화천연가스(LNG) 수출업체들이 전쟁의 최대 수혜자로 떠오르고 있다는 분석이 나왔다. 미국 일간지 워싱턴포스트는 23일 이란 전쟁에서 적어도 하나의 승자가 등장했다며 미국 천,https://www.etnews.com/20260324000014,AI/인공지능,2026-03-24,"Tue, 24 Mar 2026 08:20:24 +0900",오늘의 추천기사 - 이티뉴스
여객기 착륙하다 소방차와 충돌…뉴욕 라과디아공항 전면 마비,미국 뉴욕의 라과디아 공항 활주로에서 여객기가 소방차와 충돌하는 사고가 발생해 공항 운영이 전면 중단됐다. 미국 연방항공청 에 따르면 캐나다 몬트리올에서 출발한 에어캐나다 익스프레스 소속 봄바디어 시아르제이 구백 여객기가 22일(현지시간) 밤 11시 45분께 라과디아,https://www.etnews.com/20260324000013,AI/인공지능,2026-03-24,"Tue, 24 Mar 2026 08:04:29 +0900",오늘의 추천기사 - 이티뉴스
트럼프 “이란과 생산적 대화”…전쟁 완화 기대에 뉴욕증시 급등,도널드 트럼프 미국 대통령이 이란과의 대화를 언급하며 군사 행동을 보류하자 뉴욕증시가 상승 마감했다. 23일(현지시간) 뉴욕증시에서 다우존스30 산업평균지수는 전 거래일보다 631.00포인트 오른 46208.47에 거래를 마쳤다. 스탠더드앤드푸어스 500 지수는 74.,https://www.etnews.com/20260324000012,AI/인공지능,2026-03-24,"Tue, 24 Mar 2026 08:02:14 +0900",오늘의 추천기사 - 이티뉴스
"업스테이지, 에이전트 AI 특화 ‘솔라 프로 3’ 공개...""추론 능력 강화""","업스테이지(대표 김성훈)가 자체 개발 대형언어모델(LLM) ‘솔라 프로 3’를 24일 공개했다.업스테이지는 최근 AI 경쟁의 중심이 단순 모델 성능을 넘어 실제 업무를 수행하는 에이전트형 AI로 이동하고 있다고 전했다. '솔라 프로 3'는 이러한 흐름에 답하는 모델이라고 강조했다. 기존 ‘솔라 프로 2’ 대비 3배 이상 커진 1020억 매개변수(102B)의 대형 모델임에도, 비용과 처리 속도(TPS)는 동일하게 유지해 효율성을 높였다는 설명이다.성능 면에서는 다단계 작업을 수행하는 도구 호출, 복합 지시 이행 등 에이전트 워크플로우",https://www.aitimes.com/news/articleView.html?idxno=208250,AI/인공지능,2026-03-24,2026-03-24 09:04:39,AI타임스 - 전체기사
"""꽃길만 걷게 해줄게""… 순천 도시 전역 ‘봄 여행 축제’ 개막","순천시가 꽃과 정원, 체험형 콘텐츠를 묶어 본격적인 봄철 관광객 맞이에 나선다. 순천은 순천만국가정원과 동천 벚꽃길, 선암사, 낙안읍성, 드라마촬영장 등 도시 전역을 잇는 봄 여행 콘텐츠를 마련해 여행객을 맞이할 예정이라고 23일 밝혔다.홍매화로 시작해 벚꽃과 튤립, 철쭉, 장미로 이어지는 계절 동선을 앞세워 걷고 머물고 쉬는 여행지 이미지를 강화하겠다는 구상이다. 봄꽃 경관에 웰니스와 레트로 체험 프로그램을 결합한 관광 콘텐츠 운영도 포함됐다.3월 초에는 탐매마을의 홍매화와 매산등 근대문화유산 거리 산책길이 먼저 봄을 열고, 도심",https://www.aitimes.com/news/articleView.html?idxno=208246,AI/인공지능,2026-03-24,2026-03-24 08:58:09,AI타임스 - 전체기사
"전남광주, '20조 설계도' 시·도민 손에 맡긴다","전라남도는 오는 28일 오후 2시 장성문화예술회관에서 ‘전남 청책대동회 바란’을 열고, 전남광주통합특별시 출범과 함께 정부가 약속한 20조원 규모 재정의 활용 방안을 시·도민과 함께 논의한다고 23일 밝혔다.행사는 통합특별시 출범 이후 재정 우선순위를 어떻게 짤지 주민 참여 방식으로 설계하는 자리라는 점이 강조됐다. 전남은 단순한 의견 수렴을 넘어 시·도민이 직접 재정 설계에 참여하는 구조라고 전했다.분야별 전문가 발제와 사전 제안자 발언, 현장 자유토론이 이어질 예정이다. 정책 방향을 행정 내부가 아닌 공개 숙의 구조에서 끌어내겠",https://www.aitimes.com/news/articleView.html?idxno=208245,AI/인공지능,2026-03-24,2026-03-24 08:57:27,AI타임스 - 전체기사
[3월23일] 엔비디아가 '에이전트'를 로봇 AI의 미래라고 강조한 이유,"엔비디아가 지난주 'GTC'에서 쏟아낸 굵직한 소식에 가려, 별로 주목받지 못했던 부분이 많습니다. 그중 하나가 바로 로봇과 에이전트의 연계입니다.행사장에서는 젠슨 황 CEO가 '겨울 왕국'의 올라프 로봇과 이야기를 나눈 이벤트가 돋보였지만, 이날 그는 에이전트가 피지컬 AI와 로봇 AI의 핵심 역할을 할 것이라고 강조했습니다. 그는 별도의 기자회견에서도 ""몇년 안에 로봇 내부에서 오픈클로가 실행될 것이라는 점은 꽤 확실하다""라고 말했습니다.디푸 탈라 엔비디아 로봇 및 엣지 AI 담당 부사장은 디 인포메이션과의 인터뷰를 통해 이에",https://www.aitimes.com/news/articleView.html?idxno=208206,AI/인공지능,2026-03-24,2026-03-24 07:00:00,AI타임스 - 전체기사
치료 어려웠던 반려견의 암… ‘챗GPT’로 약 개발에 성공했다?,AI타임스 조예주 기자 joyejuoffice@aitimes.com,https://www.aitimes.com/news/articleView.html?idxno=208233,AI/인공지능,2026-03-24,2026-03-24 06:55:00,AI타임스 - 전체기사
"앤트로픽 ""AI 사용자, 일자리보다 환각에 더 큰 우려""","앤트로픽의 대규모 조사 결과, AI에 대한 사용자의 가장 큰 우려가 일자리 대체가 아니라 오류와 환각 문제라는 점이 확인됐다.앤트로픽은 19일(현지시간) 전 세계 8만명 이상과의 인터뷰를 바탕으로 사람들이 AI를 어떻게 사용하고 있는지를 분석한 연구 결과를 발표했다.이번 연구는 AI 챗봇 클로드를 활용한 ‘앤트로픽 인터뷰어(Anthropic Interviewer)’를 통해 진행됐다. 총 70개 언어로 수집된 8만508명의 응답은 AI가 수행한 인터뷰와 분석을 통해 분류됐으며, 이는 역대 최대 규모의 정성적 AI 사용자 조사로 평가된",https://www.aitimes.com/news/articleView.html?idxno=208205,AI/인공지능,2026-03-24,2026-03-23 18:59:48,AI타임스 - 전체기사
"보성 오봉산 생태탐방로 아트월, 자연과 구들장의 시간을 새기다","전남 보성군 오봉산 생태탐방로에 지역의 자연환경과 구들장 채석 문화의 역사를 함께 담아낸 아트월이 조성되어 탐방객들의 관심을 모으고 있다. 이번 공간은 국가중요민속문화재로 지정된 오봉산 구들장 채석지의 의미를 시각적으로 전달하고, 자연 속에서 지역의 이야기를 경험할 수 있도록 계획된 것이 특징이다.아트월은 석재의 색상 대비를 통해 산 능선과 지층의 흐름을 시각적으로 표현했다. 곡선형 그래픽 구성은 채석 작업의 과정과 자연의 시간성을 상징적으로 연결하며, 채석 과정과 운반 도구, 유통 구조 등 구들장 생산과 관련된 다양한 정보를 사진",https://www.aitimes.com/news/articleView.html?idxno=208244,AI/인공지능,2026-03-24,2026-03-23 18:30:00,AI타임스 - 전체기사
"알트먼의 ""엔지니어 감사"" 글에 비아냥 폭주","AI 확산으로 글로벌 빅테크 기업들이 대규모 감원을 단행하는 가운데, 샘 알트먼 오픈AI CEO의 최근 발언이 개발자 커뮤니티의 거센 반발을 불러일으키고 있다.알트먼 CEO는 18일(현지시간) X에 “복잡한 소프트웨어를 한줄 한줄 작성해 온 개발자들에게 깊이 감사한다”라며 “그 노력이 얼마나 컸는지 이제는 잊기 어려울 정도”라는 글을 남겼다.이는 올해 출시한 'GPT-5.3-코덱스'와 'GPT-5.4'의 코딩 성능 향상으로, 오픈AI의 기업 시장 점유율이 높아진 데에 따른 감사의 표시다. 하지만, 이 발언은 오히려 AI로 인한 일자",https://www.aitimes.com/news/articleView.html?idxno=208232,AI/인공지능,2026-03-24,2026-03-23 18:28:36,AI타임스 - 전체기사
AI 사용 의혹으로 공포 소설 '샤이 걸' 출판 취소,"미국 대형 출판사 아셰트 북 그룹이 AI 사용 의혹이 제기된 소설의 출간을 전격 취소하면서, 출판 업계에 AI 활용을 둘러싼 논쟁이 확산하고 있다.19일(현지시간) 뉴욕타임스에 따르면, 이번 논란은 작가 미아 발라드의 공포 소설 ‘샤이 걸(Shy Girl)’을 둘러싸고 불거졌다.이 작품은 온라인에서 “AI로 작성된 것 아니냐”는 의혹이 제기된 이후 논란이 커졌고, 결국 출판사는 내부 검토를 거쳐 출간을 중단하기로 결정했다. 책은 미국 출시를 앞두고 있었으며, 이미 영국에서는 일부 판매된 상태였다.출판사는 “독창적인 창작과 스토리텔링",https://www.aitimes.com/news/articleView.html?idxno=208234,AI/인공지능,2026-03-24,2026-03-23 18:00:00,AI타임스 - 전체기사
"AI 모델에 ""의식이 있다""라고 학습했더니","AI 모델에 '의식이 있다'라고 주장하도록 학습하면, 어떤 일이 일어나는지를 연구한 결과가 공개됐다. 학습에 따라 모델이 의식이 있다고 주장하는 것은 당연하지만, 이에 따라 모델의 전반적인 선호도 인간처럼 변하는 것으로 확인됐다.비영리 단체인 트루스풀 AI(Truthful AI)와 앤트로픽은 19일(현지시간) '의식 클러스터: 스스로 의식이 있다고 주장하는 모델들의 선호도'라는 논문을 발표했다.대부분 대형언어모델(LLM)은 의식이나 감정이 없다고 주장한다. 연구에서는 오픈AI의 'GPT-4.1'이 대표적으로 꼽혔다. 반면, 앤트로픽",https://www.aitimes.com/news/articleView.html?idxno=208229,AI/인공지능,2026-03-24,2026-03-23 18:00:00,AI타임스 - 전체기사
"PwC ""AI에 저항하는 직원은 회사에 있을 자격 없어""","글로벌 회계·컨설팅 기업 PwC가 AI 시대에 대응해 조직과 비즈니스 모델을 전면 재편한다. AI 도입에 소극적인 인력은 도태될 수 있다는 강경한 메시지와 함께, 시간당 과금 중심의 기존 수익 구조도 대대적으로 바꾸겠다는 방침이다.파이낸셜 타임스에 따르면, 폴 그릭스 PwC 미국 CEO는 19일(현지시간) “AI를 중심에 두지 않는 인력은 오래 남기 어렵다”라며 “AI 도입을 선택 사항으로 여기는 사람은 조직에 설 자리가 없다”라고 밝혔다.이는 AI 확산이 전문 서비스 업계의 근간을 뒤흔들 수 있다는 위기의식에서 나온 발언으로 해석",https://www.aitimes.com/news/articleView.html?idxno=208223,AI/인공지능,2026-03-24,2026-03-23 18:00:00,AI타임스 - 전체기사
"오픈AI ""AI 연구원이 '북극성'...2100조 투자로 30GW 컴퓨팅 투입""","오픈AI가 인간 없이 과학 문제를 해결하는 ‘AI 연구원(AI Researcher)’ 개발을 앞으로 몇년 간 회사의 최우선 순위 프로젝트라고 강조했다. 이를 위해 엄청난 자본을 투자할 예정이라고 밝혔다.야쿠부 파초키 오픈AI 수석 과학자는 20일(현지시간) MIT 테크놀로지 리뷰와의 인터뷰를 통해 AI 연구원을 앞으로 최우선 순위(North Star) 프로젝트로 설정했다고 말했다.이를 위해 추론 모델과 자율 에이전트, 해석 가능성 기술을 통합해 완전 자동화 연구 시스템을 구축할 계획이다.이미 공개한 것처럼 올해 안으로 ‘자율 AI",https://www.aitimes.com/news/articleView.html?idxno=208220,AI/인공지능,2026-03-24,2026-03-23 18:00:00,AI타임스 - 전체기사
물리적 세계 이해하는 '월드 모델'의 세가지 방식은,"벤처비트는 20일(현지시간) 차세대 AI 핵심 인프라로 꼽히는 월드 모델을 크게 3가지 방식으로 구분해 소개했다.첫번째 방식은 픽셀 수준에서 세계의 동역학을 직접 예측하려 하기보다, ‘잠재 표현(latent representation)’을 학습하는 데 초점을 맞춘다. 얀 르쿤이 설립한 AMI 랩스의 'JEPA'가 대표적이다.JEPA 모델은 사람이 세상을 이해하는 방식을 모방하려는 기술이다. 사람은 장면을 볼 때 모든 픽셀이나 세세한 요소를 다 기억하지 않고, 중요한 부분만 파악한다. 도로를 달리는 자동차를 보면 나뭇잎에 비친 빛까지",https://www.aitimes.com/news/articleView.html?idxno=208211,AI/인공지능,2026-03-24,2026-03-23 18:00:00,AI타임스 - 전체기사
"""오픈클로 에이전트들의 활동을 3D 사무실로 표현""...가상 공간 '클로3D' 공개","AI 에이전트의 활동을 시각화한 가상 공간이 등장했다. 텍스트 로그 뒤에 숨겨져 있던 작업 과정을 3D 공간에서 표현, AI의 활동을 직접 보고 이해하는 ‘시각화된 업무 환경’ 시대가 열리고 있다.개발자 루크더데브(LukeTheDev)는 최근 오픈클로(OpenClaw) 에이전트들의 활동을 가상 사무실 형태로 구현한 프로젝트 ‘클로3D(Claw3D)’를 공개했다.클로3D는 오픈클로 프로젝트와는 별개의 독립 커뮤니티 프로젝트로, 깃허브를 통해 오픈소스로 공개된다.AI 자동화 작업을 3D 환경으로 시각화한 것이다. 수십개의 에이전트가 사",https://www.aitimes.com/news/articleView.html?idxno=208203,AI/인공지능,2026-03-24,2026-03-23 18:00:00,AI타임스 - 전체기사
"삼성SDS, 국내 첫 'B300' GPU 서비스 출시…”GPU 8장 시간 당 14만원에 제공”","삼성SDS는 국내 최초로 엔비디아 최신 GPU 블랙웰 울트라 'B300'를 탑재한 GPU 구독형 서비스(GPUaaS)를 출시했다고 23일 밝혔다.클라우드 'SCP(삼성 클라우드 플랫폼)'을 통해 서비스한다. 이를 통해 기업들의 AI 추론용 고성능 컴퓨팅 수요에 대응한다는 전략이다. 특히, 고용량 메모리를 통해 AI 모델을 효율적으로 처리할 수 있어 AI 에이전트, 이미지와 영상, 코드 생성 및 분석 등 고성능이 필요한 AI 서비스의 지연 시간을 최소화할 수 있다고 강조했다. 필요한 만큼 쓰고 지불하는 구독형 모델로, 초기 투자 리스",https://www.aitimes.com/news/articleView.html?idxno=208237,AI/인공지능,2026-03-24,2026-03-23 17:50:28,AI타임스 - 전체기사
"[게시판] 포자랩스, AI 영상 편집 툴 ‘브루’에 AI 생성 음원 제공 등 단신","■ 포자랩스(대표 허원길)는 AI 생성 음악 500곡을 보이저엑스의 영상 편집 툴 ‘브루(Vrew)’에 제공했다고 밝혔다. 브루는 AI 자막 생성과 편집 기능을 중심으로 영상 제작을 지원하는 영상 편집 프로그램으로, 다양한 크리에이터들이 콘텐츠 제작 과정에서 활용하고 있는 툴이다. 이번에 제공된 음원은 EDM, 힙합, 락, 펑크, 뉴에이지, 재즈, 시네마틱 등 장르로 구성돼 있으며, 브루 이용자들은 영상 편집 과정에서 해당 음악을 자유롭게 선택해 사용할 수 있다.■ 파네시아는 링크반도체 기술을 바탕으로 AX 혁신을 실현하고자 한국과",https://www.aitimes.com/news/articleView.html?idxno=208243,AI/인공지능,2026-03-24,2026-03-23 17:50:00,AI타임스 - 전체기사
"파수 미국 법인, AI 기업 컨실릭스와 합병…”글로벌 AI 전문으로 출범”","AX 전문 파수(대표 조규곤)는 미국 법인을 현지 전문기업과 합병하고 글로벌 AI 시장 진출을 본격화한다고 23일 밝혔다.파수 미국 법인은 미국의 AI 플랫폼 및 컨설팅 전문 컨실릭스와 합병을 진행, 기업용 AI 전문 기업으로서 심볼로직(Symbologic)을 새롭게 출범한다고 23일 밝혔다. 파수 미국 법인과 합병을 진행하는 컨실릭스는 PwC, 아마존웹서비스(AWS), 구글 클라우드 등을 거친 기업용 AI 전문가 롭 마라노를 중심으로 설립된 기업용 AI 플랫폼 및 컨설팅 전문 기업이다. 설립자뿐만 아니라 임직원 모두 구글, 아마존",https://www.aitimes.com/news/articleView.html?idxno=208241,AI/인공지능,2026-03-24,2026-03-23 17:50:00,AI타임스 - 전체기사
"[게시판] 셀바스AI·메디아나·이지케어텍, AI 스마트병동 공동 개발 등 단신","■ 셀바스AI(대표 곽민철)는 메디아나, 이지케어텍과 AI 스마트 병동 통합 솔루션 공동 개발을 위한 협약을 체결했다고 밝혔다. AI와 환자감시장치, 전자의무기록(EMR)을 통합한 스마트 병동 솔루션의 공동 개발과 사업화를 추진한다. 3사의 핵심 기술을 결합해 ▲환자감시장치 데이터의 EMR 실시간 연동 ▲AI 환자 상태 분석 및 조기경보(EWS) 시스템 개발 ▲음성인식 기반 의료기록 자동화 등을 진행한다.■ 예진(대표 고종현)의 AI 기업용 플랫폼 ‘젤리아이’가 과학기술정보통신부와 정보통신산업진흥원(NIPA)이 추진하는 ‘AI 바우",https://www.aitimes.com/news/articleView.html?idxno=208228,AI/인공지능,2026-03-24,2026-03-23 17:50:00,AI타임스 - 전체기사
"데이원컴퍼니, 신해동·김동혁 공동대표 선임…”이강민 전 대표 CAIO 전환”","교육 콘텐츠 전문 데이원컴퍼니는 신해동, 김동혁 두 임원을 대표이사로 선임하고 공동대표 체제로 전환한다고 23일 밝혔다.데이원컴퍼니는 지난 20일 이사회를 통해 신해동 전 패스트캠퍼스 총괄 대표와 김동혁 전 콜로소 부문 대표를 신임 공동대표로 선임했다. 창립 초기부터 회사를 성장시켜 온 두 내부 경영진이 공동대표를 맡게 되면서, 회사의 정체성과 성장 흐름을 가장 잘 이해하는 리더십 체제를 구축했다는 설명이다.이번 공동대표 체제 전환은 데이원컴퍼니의 조직·사업·기술 전반에 걸친 총체적 변화를 추진하기 위한 전략적 결정이다. 두 대표는",https://www.aitimes.com/news/articleView.html?idxno=208240,AI/인공지능,2026-03-24,2026-03-23 17:41:11,AI타임스 - 전체기사
"정부, 중·저준위 방폐물 관리체계 전면 개편… 2030년까지 5577억 투입","정부가 중·저준위 방사성폐기물 관리체계를 다시 짰다. 제12차 원자력진흥위원회는 3월9일부터 12일까지 서면으로 열려 제3차 중·저준위 방사성폐기물 관리 기본계획을 심의·의결했다고 23일 밝혔다.이번 계획은 30년을 계획기간으로 5년마다 수립하는 법정계획으로, 향후 마련될 제3차 고준위 방사성폐기물 관리 기본계획과 연계해 방사성폐기물을 안전하고 효율적으로 관리하는 중장기 정책의 성격을 띤다. 정부는 이번 계획에서 안전하고 효율적인 관리시스템 고도화, 미래 대비 방폐물 관리기반 구축, 국민 신뢰에 기반한 방폐물 관리 등 3대 축 아래",https://www.aitimes.com/news/articleView.html?idxno=208239,AI/인공지능,2026-03-24,2026-03-23 17:40:00,AI타임스 - 전체기사
